{"workfliow": {"bnn9at": {"Workflow_id": "bnn9at", "Workflow_name": "api\u7ba1\u7406", "Workflwow_obj": "{\"bnn9at\":{\"Workflow_name\":\"api\u7ba1\u7406\",\"api_node\":\"None\",\"if_node\":\"None\",\"rpa_node\":\"None\",\"Node_information\":\"{\\\"7h7j28\\\":{\\\"\u8fdb\u5165url\\\":{\\\"path_name\\\":\\\"\u8fdb\u5165url\\\",\\\"sleep_time\\\":\\\"1\\\",\\\"Positioning\\\":\\\"12\\\",\\\"url\\\":\\\"http://192.168.3.185/dpa/login\\\"},\\\"\u8f93\u5165\u8d26\u53f7\\\":{\\\"path_name\\\":\\\"\u8f93\u5165\u8d26\u53f7\\\",\\\"sleep_time\\\":\\\"1\\\",\\\"Positioning\\\":\\\"0\\\",\\\"title\\\":\\\"[placeholder=\\\\\\\"\u8bf7\u8f93\u5165\u8d26\u53f7\\\\\\\"]\\\",\\\"interest\\\":\\\"2\\\",\\\"data\\\":\\\"fy\\\"},\\\"\u8f93\u5165\u5bc6\u7801\\\":{\\\"path_name\\\":\\\"\u8f93\u5165\u5bc6\u7801\\\",\\\"sleep_time\\\":\\\"1\\\",\\\"Positioning\\\":\\\"0\\\",\\\"title\\\":\\\"[placeholder=\\\\\\\"\u8bf7\u8f93\u5165\u5bc6\u7801\\\\\\\"]\\\",\\\"interest\\\":\\\"2\\\",\\\"data\\\":\\\"123456\\\"},\\\"\u70b9\u51fb\u767b\u5f55\\\":{\\\"path_name\\\":\\\"\u70b9\u51fb\u767b\u5f55\\\",\\\"sleep_time\\\":\\\"3\\\",\\\"Positioning\\\":\\\"0\\\",\\\"title\\\":\\\"button:has-text(\\\\\\\"\u767b\u5f55\\\\\\\")\\\",\\\"interest\\\":\\\"0\\\"}},\\\"7h7j28_Sort\\\":[\\\"\u8fdb\u5165url\\\",\\\"\u8f93\u5165\u8d26\u53f7\\\",\\\"\u8f93\u5165\u5bc6\u7801\\\",\\\"\u70b9\u51fb\u767b\u5f55\\\"],\\\"7h7j28_Workflow_name\\\":\\\"\u767b\u5f55dpa\\\",\\\"e7cbh8\\\":{\\\"\u70b9\u51fbapi\u7ba1\u7406\\\":{\\\"csrfmiddlewaretoken\\\":\\\"cxchTTna2ymrRMgOjqih5c4DBwDbNEUhIsblVyn1vu5Ht8mUtelJdlZtx392Ds0z\\\",\\\"path_name\\\":\\\"\u70b9\u51fbapi\u7ba1\u7406\\\",\\\"sleep_time\\\":\\\"1\\\",\\\"Positioning\\\":\\\"0\\\",\\\"title\\\":\\\"text=API\u7ba1\u7406\\\",\\\"interest\\\":\\\"0\\\"},\\\"\u70b9\u51fb\u65b0\u589e\\\":{\\\"path_name\\\":\\\"\u70b9\u51fb\u65b0\u589e\\\",\\\"sleep_time\\\":\\\"1\\\",\\\"Positioning\\\":\\\"0\\\",\\\"title\\\":\\\"button:has-text(\\\\\\\"\u65b0\u589e\\\\\\\")\\\",\\\"interest\\\":\\\"0\\\"},\\\"\u70b9\u51fb\u65b0\u589e\u9879\u76ee\\\":{\\\"path_name\\\":\\\"\u70b9\u51fb\u65b0\u589e\u9879\u76ee\\\",\\\"sleep_time\\\":\\\"1\\\",\\\"Positioning\\\":\\\"0\\\",\\\"title\\\":\\\"text=\u65b0\u589e\u9879\u76ee\\\",\\\"interest\\\":\\\"0\\\"},\\\"\u8f93\u5165\u9879\u76ee\u540d\u79f0\\\":{\\\"csrfmiddlewaretoken\\\":\\\"sJSATLwRhGFOABYycomBGIpsIqETcCnxqrVbl4HOI8k7vUpCgpr6i1OLP3ELSp7u\\\",\\\"path_name\\\":\\\"\u8f93\u5165\u9879\u76ee\u540d\u79f0\\\",\\\"sleep_time\\\":\\\"1\\\",\\\"Positioning\\\":\\\"0\\\",\\\"title\\\":\\\"input[maxlength=\\\\\\\"64\\\\\\\"]\\\",\\\"interest\\\":\\\"2\\\",\\\"data\\\":\\\"zdh\\\"},\\\"\u8f93\u5165\u7248\u672c\u53f7\\\":{\\\"path_name\\\":\\\"\u8f93\u5165\u7248\u672c\u53f7\\\",\\\"sleep_time\\\":\\\"1\\\",\\\"Positioning\\\":\\\"0\\\",\\\"title\\\":\\\"text=\u7248\u672c\u53f7 0/16 >> input[type=\\\\\\\"text\\\\\\\"]\\\",\\\"interest\\\":\\\"2\\\",\\\"data\\\":\\\"v_1.0.0\\\"},\\\"\u8f93\u5165\u7528\u6237\u540d\\\":{\\\"csrfmiddlewaretoken\\\":\\\"ze6Dmvy4OCV5zmaM2KLuTFO1J3F1dBhJUusbl7nzJeDahEKPelLN46kuS5zP5GRZ\\\",\\\"path_name\\\":\\\"\u8f93\u5165\u7528\u6237\u540d\\\",\\\"sleep_time\\\":\\\"1\\\",\\\"Positioning\\\":\\\"0\\\",\\\"title\\\":\\\"input[placeholder=\\\\\\\"\u8bf7\u8f93\u5165\u7528\u6237\u540d\\\\\\\"]\\\",\\\"interest\\\":\\\"2\\\",\\\"data\\\":\\\"fy\\\"},\\\"\u70b9\u51fb\u7528\u6237\u540d\\\":{\\\"path_name\\\":\\\"\u70b9\u51fb\u7528\u6237\u540d\\\",\\\"sleep_time\\\":\\\"1\\\",\\\"Positioning\\\":\\\"0\\\",\\\"title\\\":\\\"li:has-text(\\\\\\\"fy\\\\\\\")\\\",\\\"interest\\\":\\\"0\\\"},\\\"\u8f93\u5165\u524d\u7f6eurl\\\":{\\\"path_name\\\":\\\"\u8f93\u5165\u524d\u7f6eurl\\\",\\\"sleep_time\\\":\\\"1\\\",\\\"Positioning\\\":\\\"0\\\",\\\"title\\\":\\\"[placeholder=\\\\\\\"\u8bf7\u8f93\u5165\u524d\u7f6eURL\\\\\\\"]\\\",\\\"interest\\\":\\\"2\\\",\\\"data\\\":\\\"http://192.168.3.83:8063/\\\"},\\\"\u70b9\u51fb\u9009\u62e9\u90ae\u4ef6\\\":{\\\"csrfmiddlewaretoken\\\":\\\"ze6Dmvy4OCV5zmaM2KLuTFO1J3F1dBhJUusbl7nzJeDahEKPelLN46kuS5zP5GRZ\\\",\\\"path_name\\\":\\\"\u70b9\u51fb\u9009\u62e9\u90ae\u4ef6\\\",\\\"sleep_time\\\":\\\"1\\\",\\\"Positioning\\\":\\\"0\\\",\\\"title\\\":\\\"//label[text()=\\\\\\\"\u6d88\u606f\u6a21\u677f\\\\\\\"]/../div/div/div\\\",\\\"interest\\\":\\\"0\\\"},\\\"\u9009\u62e9\u90ae\u4ef6\\\":{\\\"path_name\\\":\\\"\u9009\u62e9\u90ae\u4ef6\\\",\\\"sleep_time\\\":\\\"1\\\",\\\"Positioning\\\":\\\"0\\\",\\\"title\\\":\\\"text=\u90ae\u4ef6\\\",\\\"interest\\\":\\\"0\\\"},\\\"\u70b9\u51fb\u786e\u5b9a\\\":{\\\"path_name\\\":\\\"\u70b9\u51fb\u786e\u5b9a\\\",\\\"sleep_time\\\":\\\"1\\\",\\\"Positioning\\\":\\\"0\\\",\\\"title\\\":\\\"button:has-text(\\\\\\\"\u786e\u8ba4\\\\\\\")\\\",\\\"interest\\\":\\\"0\\\"}},\\\"e7cbh8_Sort\\\":[\\\"\u70b9\u51fbapi\u7ba1\u7406\\\",\\\"\u70b9\u51fb\u65b0\u589e\\\",\\\"\u70b9\u51fb\u65b0\u589e\u9879\u76ee\\\",\\\"\u8f93\u5165\u9879\u76ee\u540d\u79f0\\\",\\\"\u8f93\u5165\u7248\u672c\u53f7\\\",\\\"\u8f93\u5165\u7528\u6237\u540d\\\",\\\"\u70b9\u51fb\u7528\u6237\u540d\\\",\\\"\u8f93\u5165\u524d\u7f6eurl\\\",\\\"\u70b9\u51fb\u9009\u62e9\u90ae\u4ef6\\\",\\\"\u9009\u62e9\u90ae\u4ef6\\\",\\\"\u70b9\u51fb\u786e\u5b9a\\\"],\\\"e7cbh8_Workflow_name\\\":\\\"api\u7ba1\u7406\u65b0\u589e\u9879\u76ee\\\",\\\"4gumxa\\\":{\\\"\u70b9\u51fb\u65b0\u589e\\\":{\\\"csrfmiddlewaretoken\\\":\\\"IM67GOjr6PBM8s2t6TbMTwM2dN6kuK77CMBA9PqPsp89AQjpaj0eOv0SVoF1wMBG\\\",\\\"path_name\\\":\\\"\u70b9\u51fb\u65b0\u589e\\\",\\\"sleep_time\\\":\\\"1\\\",\\\"Positioning\\\":\\\"0\\\",\\\"title\\\":\\\"button:has-text(\\\\\\\"\u65b0\u589e\\\\\\\")\\\",\\\"interest\\\":\\\"0\\\"},\\\"\u70b9\u51fb\u65b0\u589e\u6a21\u5757\\\":{\\\"path_name\\\":\\\"\u70b9\u51fb\u65b0\u589e\u6a21\u5757\\\",\\\"sleep_time\\\":\\\"1\\\",\\\"Positioning\\\":\\\"0\\\",\\\"title\\\":\\\"text=\u65b0\u589e\u6a21\u5757\\\",\\\"interest\\\":\\\"0\\\"},\\\"\u70b9\u51fbspan\\\":{\\\"path_name\\\":\\\"\u70b9\u51fbspan\\\",\\\"sleep_time\\\":\\\"1\\\",\\\"Positioning\\\":\\\"0\\\",\\\"title\\\":\\\"text=\u8bf7\u9009\u62e9 \u65e0\u5339\u914d\u6570\u636e zdhtestOneDSMCMDPTEXT\u5de5\u4f5c\u6d41DPA \u52a0\u8f7d\u4e2d >> span\\\",\\\"interest\\\":\\\"0\\\"},\\\"\u9009\u62e9\u9879\u76eezdh\\\":{\\\"path_name\\\":\\\"\u9009\u62e9\u9879\u76eezdh\\\",\\\"sleep_time\\\":\\\"1\\\",\\\"Positioning\\\":\\\"0\\\",\\\"title\\\":\\\"li:has-text(\\\\\\\"zdh\\\\\\\")\\\",\\\"interest\\\":\\\"0\\\"},\\\"\u8f93\u5165\u6a21\u5757\u540d\\\":{\\\"path_name\\\":\\\"\u8f93\u5165\u6a21\u5757\u540d\\\",\\\"sleep_time\\\":\\\"1\\\",\\\"Positioning\\\":\\\"0\\\",\\\"title\\\":\\\"text=\u6a21\u5757\u540d 0/64 >> input[type=\\\\\\\"text\\\\\\\"]\\\",\\\"interest\\\":\\\"2\\\",\\\"data\\\":\\\"model\\\"},\\\"\u70b9\u51fb\u786e\u5b9a\\\":{\\\"csrfmiddlewaretoken\\\":\\\"IM67GOjr6PBM8s2t6TbMTwM2dN6kuK77CMBA9PqPsp89AQjpaj0eOv0SVoF1wMBG\\\",\\\"path_name\\\":\\\"\u70b9\u51fb\u786e\u5b9a\\\",\\\"sleep_time\\\":\\\"1\\\",\\\"Positioning\\\":\\\"0\\\",\\\"title\\\":\\\"//span[text()=\\\\\\\" \u786e\u8ba4 \\\\\\\"]\\\",\\\"interest\\\":\\\"0\\\"},\\\"\u70b9\u51fb\u9879\u76ee\\\":{\\\"path_name\\\":\\\"\u70b9\u51fb\u9879\u76ee\\\",\\\"sleep_time\\\":\\\"1\\\",\\\"Positioning\\\":\\\"0\\\",\\\"title\\\":\\\"//label[text()=\\\\\\\"\u9879\u76ee\\\\\\\"]/../div/div/div\\\",\\\"interest\\\":\\\"0\\\"}},\\\"4gumxa_Sort\\\":[\\\"\u70b9\u51fb\u65b0\u589e\\\",\\\"\u70b9\u51fb\u65b0\u589e\u6a21\u5757\\\",\\\"\u70b9\u51fb\u9879\u76ee\\\",\\\"\u9009\u62e9\u9879\u76eezdh\\\",\\\"\u8f93\u5165\u6a21\u5757\u540d\\\",\\\"\u70b9\u51fb\u786e\u5b9a\\\"],\\\"4gumxa_Workflow_name\\\":\\\"\u65b0\u589e\u6a21\u5757\\\",\\\"o1b2ll\\\":{\\\"\u70b9\u51fb\u65b0\u589e\\\":{\\\"csrfmiddlewaretoken\\\":\\\"dUCzgpzGCuzgIB1WwJ86vptwDuVjMEQFy4cbTfUjRCW51zB5ygF4ee1dbQDGhz4t\\\",\\\"path_name\\\":\\\"\u70b9\u51fb\u65b0\u589e\\\",\\\"sleep_time\\\":\\\"1\\\",\\\"Positioning\\\":\\\"0\\\",\\\"title\\\":\\\"button:has-text(\\\\\\\"\u65b0\u589e\\\\\\\")\\\",\\\"interest\\\":\\\"0\\\"},\\\"\u70b9\u51fb\u65b0\u589eapi\\\":{\\\"path_name\\\":\\\"\u70b9\u51fb\u65b0\u589eapi\\\",\\\"sleep_time\\\":\\\"1\\\",\\\"Positioning\\\":\\\"0\\\",\\\"title\\\":\\\"text=\u65b0\u589eAPI\\\",\\\"interest\\\":\\\"0\\\"},\\\"\u8f93\u5165\u8def\u5f84\\\":{\\\"path_name\\\":\\\"\u8f93\u5165\u8def\u5f84\\\",\\\"sleep_time\\\":\\\"1\\\",\\\"Positioning\\\":\\\"0\\\",\\\"title\\\":\\\"[placeholder=\\\\\\\"\u8bf7\u8f93\u5165\u63a5\u53e3\u8def\u5f84; /\u4f5c\u4e3a\u8d77\u59cb\\\\\\\"]\\\",\\\"interest\\\":\\\"2\\\",\\\"data\\\":\\\"/TEST_POST/\\\"},\\\"\u8f93\u5165\u540d\u79f0\\\":{\\\"path_name\\\":\\\"\u8f93\u5165\u540d\u79f0\\\",\\\"sleep_time\\\":\\\"1\\\",\\\"Positioning\\\":\\\"0\\\",\\\"title\\\":\\\"text=\u540d\u79f0: 0/64 >> input[type=\\\\\\\"text\\\\\\\"]\\\",\\\"interest\\\":\\\"2\\\",\\\"data\\\":\\\"test_post\\\"},\\\"\u70b9\u51fb\u6d4b\u8bd5\u4e2d\\\":{\\\"path_name\\\":\\\"\u70b9\u51fb\u6d4b\u8bd5\u4e2d\\\",\\\"sleep_time\\\":\\\"1\\\",\\\"Positioning\\\":\\\"0\\\",\\\"title\\\":\\\"text=\u6d4b\u8bd5\u4e2d\\\",\\\"interest\\\":\\\"0\\\"},\\\"\u8f93\u5165\u7528\u6237\u540d\\\":{\\\"csrfmiddlewaretoken\\\":\\\"j3Re48z9IcQlpXDUE1kCSu4VzCO6nSvbbDRAfvt0uOWK0xprE7MG9UALpZezpw3H\\\",\\\"path_name\\\":\\\"\u8f93\u5165\u7528\u6237\u540d\\\",\\\"sleep_time\\\":\\\"1\\\",\\\"Positioning\\\":\\\"0\\\",\\\"title\\\":\\\"//label[text()=\\\\\\\"\u8d23\u4efb\u4eba: \\\\\\\"]/../div/div/div/div/input\\\",\\\"interest\\\":\\\"2\\\",\\\"data\\\":\\\"fy\\\"},\\\"\u70b9\u51fb\\\":{\\\"path_name\\\":\\\"\u70b9\u51fb\\\",\\\"sleep_time\\\":\\\"1\\\",\\\"Positioning\\\":\\\"0\\\",\\\"title\\\":\\\"li:has-text(\\\\\\\"fy\\\\\\\")\\\",\\\"interest\\\":\\\"0\\\"},\\\"\u8f93\u5165\u5907\u6ce8\\\":{\\\"path_name\\\":\\\"\u8f93\u5165\u5907\u6ce8\\\",\\\"sleep_time\\\":\\\"1\\\",\\\"Positioning\\\":\\\"0\\\",\\\"title\\\":\\\"textarea\\\",\\\"interest\\\":\\\"2\\\",\\\"data\\\":\\\"\u81ea\u52a8\u5316\u6d4b\u8bd5\\\"},\\\"\u70b9\u51fb\u8c03\u8bd5\\\":{\\\"path_name\\\":\\\"\u70b9\u51fb\u8c03\u8bd5\\\",\\\"sleep_time\\\":\\\"1\\\",\\\"Positioning\\\":\\\"0\\\",\\\"title\\\":\\\"button:has-text(\\\\\\\"\u8c03\u8bd5\\\\\\\")\\\",\\\"interest\\\":\\\"0\\\"},\\\"\u70b9\u51fb\u6a21\u5757\\\":{\\\"path_name\\\":\\\"\u70b9\u51fb\u6a21\u5757\\\",\\\"sleep_time\\\":\\\"1\\\",\\\"Positioning\\\":\\\"0\\\",\\\"title\\\":\\\"input[readonly=\\\\\\\"readonly\\\\\\\"]\\\",\\\"interest\\\":\\\"0\\\"},\\\"\u70b9\u51fb\u81ea\u52a8\u5316\\\":{\\\"path_name\\\":\\\"\u70b9\u51fb\u81ea\u52a8\u5316\\\",\\\"sleep_time\\\":\\\"1\\\",\\\"Positioning\\\":\\\"0\\\",\\\"title\\\":\\\"zdh\\\",\\\"interest\\\":\\\"0\\\"},\\\"\u70b9\u51fb\u9879\u76ee\\\":{\\\"csrfmiddlewaretoken\\\":\\\"j3Re48z9IcQlpXDUE1kCSu4VzCO6nSvbbDRAfvt0uOWK0xprE7MG9UALpZezpw3H\\\",\\\"path_name\\\":\\\"\u70b9\u51fb\u9879\u76ee\\\",\\\"sleep_time\\\":\\\"1\\\",\\\"Positioning\\\":\\\"0\\\",\\\"title\\\":\\\"text=zdh\\\",\\\"interest\\\":\\\"0\\\"},\\\"\u70b9\u51fb\u5206\u7c7b\\\":{\\\"csrfmiddlewaretoken\\\":\\\"j3Re48z9IcQlpXDUE1kCSu4VzCO6nSvbbDRAfvt0uOWK0xprE7MG9UALpZezpw3H\\\",\\\"path_name\\\":\\\"\u70b9\u51fb\u5206\u7c7b\\\",\\\"sleep_time\\\":\\\"1\\\",\\\"Positioning\\\":\\\"0\\\",\\\"title\\\":\\\"text=model\\\",\\\"interest\\\":\\\"0\\\"},\\\"\u70b9\u51fb\u6253\u5f00\u4e0b\u62c9\\\":{\\\"path_name\\\":\\\"\u70b9\u51fb\u6253\u5f00\u4e0b\u62c9\\\",\\\"sleep_time\\\":\\\"1\\\",\\\"Positioning\\\":\\\"0\\\",\\\"title\\\":\\\"//span[text()=\\\\\\\"\u5f00\u53d1\u4e2d\\\\\\\"]\\\",\\\"interest\\\":\\\"0\\\"}},\\\"o1b2ll_Sort\\\":[\\\"\u70b9\u51fb\u65b0\u589e\\\",\\\"\u70b9\u51fb\u65b0\u589eapi\\\",\\\"\u8f93\u5165\u8def\u5f84\\\",\\\"\u8f93\u5165\u540d\u79f0\\\",\\\"\u70b9\u51fb\u6a21\u5757\\\",\\\"\u70b9\u51fb\u9879\u76ee\\\",\\\"\u70b9\u51fb\u5206\u7c7b\\\",\\\"\u70b9\u51fb\u6253\u5f00\u4e0b\u62c9\\\",\\\"\u70b9\u51fb\u6d4b\u8bd5\u4e2d\\\",\\\"\u8f93\u5165\u7528\u6237\u540d\\\",\\\"\u70b9\u51fb\\\",\\\"\u8f93\u5165\u5907\u6ce8\\\",\\\"\u70b9\u51fb\u8c03\u8bd5\\\"],\\\"o1b2ll_Workflow_name\\\":\\\"\u65b0\u589eapi\\\",\\\"d1t92o\\\":{\\\"\u70b9\u51fb\u65b0\u589e\\\":{\\\"csrfmiddlewaretoken\\\":\\\"CmasyZk9kd94KkQbyaq52st13Fd6daO7k3TZRBAuxdyuW3EiUEKUWu69BQhfCAaP\\\",\\\"path_name\\\":\\\"\u70b9\u51fb\u65b0\u589e\\\",\\\"sleep_time\\\":\\\"1\\\",\\\"Positioning\\\":\\\"0\\\",\\\"title\\\":\\\"button:has-text(\\\\\\\"\u65b0\u589e\\\\\\\")\\\",\\\"interest\\\":\\\"0\\\"},\\\"\u8f93\u5165\u540d\u79f0\\\":{\\\"path_name\\\":\\\"\u8f93\u5165\u540d\u79f0\\\",\\\"sleep_time\\\":\\\"1\\\",\\\"Positioning\\\":\\\"0\\\",\\\"title\\\":\\\"[placeholder=\\\\\\\"\u8bf7\u8f93\u5165\\\\\\\"]\\\",\\\"interest\\\":\\\"2\\\",\\\"data\\\":\\\"code\\\"},\\\"\u70b9\u51fb\u4e0b\u62c9\\\":{\\\"csrfmiddlewaretoken\\\":\\\"3p7aHC5kYu6bZOAfRGkETLtOud307VQAqQL3WOXx0rRYbcIc0au8TZ8m2hA0bzte\\\",\\\"path_name\\\":\\\"\u70b9\u51fb\u4e0b\u62c9\\\",\\\"sleep_time\\\":\\\"1\\\",\\\"Positioning\\\":\\\"0\\\",\\\"title\\\":\\\"//label[text()=\\\\\\\"\u65ad\u8a00\u5bf9\u8c61:\\\\\\\"]/../div/div/div\\\",\\\"interest\\\":\\\"0\\\"},\\\"\u9009\u62e9json\\\":{\\\"path_name\\\":\\\"\u9009\u62e9json\\\",\\\"sleep_time\\\":\\\"1\\\",\\\"Positioning\\\":\\\"0\\\",\\\"title\\\":\\\"li:has-text(\\\\\\\"JSON\\\\\\\")\\\",\\\"interest\\\":\\\"0\\\"},\\\"\u8f93\u5165jsonpath\\\":{\\\"csrfmiddlewaretoken\\\":\\\"3p7aHC5kYu6bZOAfRGkETLtOud307VQAqQL3WOXx0rRYbcIc0au8TZ8m2hA0bzte\\\",\\\"path_name\\\":\\\"\u8f93\u5165jsonpath\\\",\\\"sleep_time\\\":\\\"1\\\",\\\"Positioning\\\":\\\"0\\\",\\\"title\\\":\\\"//label[text()=\\\\\\\"\u63d0\u53d6\u8868\u8fbe\u5f0f:\\\\\\\"]/../div/div/input\\\",\\\"interest\\\":\\\"2\\\",\\\"data\\\":\\\"$.code\\\"},\\\"\u70b9\u51fb\u6761\u4ef6\u4e0b\u62c9\\\":{\\\"path_name\\\":\\\"\u70b9\u51fb\u6761\u4ef6\u4e0b\u62c9\\\",\\\"sleep_time\\\":\\\"1\\\",\\\"Positioning\\\":\\\"0\\\",\\\"title\\\":\\\"//label[text()=\\\\\\\"\u65ad\u8a00:\\\\\\\"]/../div/div/div/div/div/div/div/span\\\",\\\"interest\\\":\\\"0\\\"},\\\"\u70b9\u51fb\u7b49\u4e8e\\\":{\\\"path_name\\\":\\\"\u70b9\u51fb\u7b49\u4e8e\\\",\\\"sleep_time\\\":\\\"1\\\",\\\"Positioning\\\":\\\"0\\\",\\\"title\\\":\\\"//li[text()=\\\\\\\"\u7b49\u4e8e\\\\\\\"]\\\",\\\"interest\\\":\\\"0\\\"},\\\"\u8f93\u5165\u5224\u65ad\u5185\u5bb9\\\":{\\\"path_name\\\":\\\"\u8f93\u5165\u5224\u65ad\u5185\u5bb9\\\",\\\"sleep_time\\\":\\\"1\\\",\\\"Positioning\\\":\\\"0\\\",\\\"title\\\":\\\"//label[text()=\\\\\\\"\u65ad\u8a00:\\\\\\\"]/../div/div/div[2]/div/div/input\\\",\\\"interest\\\":\\\"2\\\",\\\"data\\\":\\\"200\\\"},\\\"\u70b9\u51fb\u4fdd\u5b58\\\":{\\\"path_name\\\":\\\"\u70b9\u51fb\u4fdd\u5b58\\\",\\\"sleep_time\\\":\\\"1\\\",\\\"Positioning\\\":\\\"0\\\",\\\"title\\\":\\\"//div/button/span[text()=\\\\\\\"\u4fdd\u5b58\\\\\\\"]\\\",\\\"interest\\\":\\\"0\\\"},\\\"\u4fdd\u5b58api\\\":{\\\"csrfmiddlewaretoken\\\":\\\"ttXDbx824DcbC8axzgm9Z95VP81Czrse49cisitOnxuuil62UyQ7KxJ5jnSNB4pw\\\",\\\"path_name\\\":\\\"\u4fdd\u5b58api\\\",\\\"sleep_time\\\":\\\"3\\\",\\\"Positioning\\\":\\\"0\\\",\\\"title\\\":\\\"//span/button/span[text()=\\\\\\\"\u4fdd\u5b58\\\\\\\"]\\\",\\\"interest\\\":\\\"0\\\"}},\\\"d1t92o_Sort\\\":[\\\"\u70b9\u51fb\u65b0\u589e\\\",\\\"\u8f93\u5165\u540d\u79f0\\\",\\\"\u70b9\u51fb\u4e0b\u62c9\\\",\\\"\u9009\u62e9json\\\",\\\"\u8f93\u5165jsonpath\\\",\\\"\u70b9\u51fb\u6761\u4ef6\u4e0b\u62c9\\\",\\\"\u70b9\u51fb\u7b49\u4e8e\\\",\\\"\u8f93\u5165\u5224\u65ad\u5185\u5bb9\\\",\\\"\u70b9\u51fb\u4fdd\u5b58\\\",\\\"\u4fdd\u5b58api\\\"],\\\"d1t92o_Workflow_name\\\":\\\"\u65b0\u589e\u65ad\u8a00\\\",\\\"liymlj\\\":{\\\"\u5220\u9664\\\":{\\\"csrfmiddlewaretoken\\\":\\\"U0heHVBzb3YW6zIcTfKlvs366JqiczDX44AzPbSRj7KfaEkXE8sQam7w23dymhpu\\\",\\\"path_name\\\":\\\"\u5220\u9664\\\",\\\"sleep_time\\\":\\\"1\\\",\\\"Positioning\\\":\\\"0\\\",\\\"title\\\":\\\"//strong[text()=\\\\\\\" zdh \\\\\\\"]/../../span[3]/button[2]/span\\\",\\\"interest\\\":\\\"0\\\"},\\\"\u5173\u95ed\\\":{\\\"path_name\\\":\\\"\u5173\u95ed\\\",\\\"sleep_time\\\":\\\"1\\\",\\\"Positioning\\\":\\\"13\\\"},\\\"\u786e\u8ba4\u5220\u9664\\\":{\\\"csrfmiddlewaretoken\\\":\\\"JddHt0TI81hVBRvbqhuvWKFctKKSd3KhT1AgjJFzi5MFutG4rN3hanCyixsM8kc0\\\",\\\"path_name\\\":\\\"\u786e\u8ba4\u5220\u9664\\\",\\\"sleep_time\\\":\\\"1\\\",\\\"Positioning\\\":\\\"0\\\",\\\"title\\\":\\\"//div[text()=\\\\\\\"\u786e\u8ba4\u5220\u9664\\\\\\\"]/../../div[3]/button[2]/span\\\",\\\"interest\\\":\\\"0\\\"}},\\\"liymlj_Sort\\\":[\\\"\u5220\u9664\\\",\\\"\u786e\u8ba4\u5220\u9664\\\",\\\"\u5173\u95ed\\\"],\\\"liymlj_Workflow_name\\\":\\\"\u5220\u9664api\u7ba1\u7406\\\"}\",\"sql_node\":\"None\",\"merge_node\":\"None\",\"condition\":\"None\",\"Ginseng\":\"{\\\"7h7j28\\\":[],\\\"e7cbh8\\\":[],\\\"4gumxa\\\":[],\\\"o1b2ll\\\":[],\\\"d1t92o\\\":[],\\\"liymlj\\\":[]}\",\"connections\":\"{\\\"0\\\":{\\\"current\\\":\\\"7h7j28\\\",\\\"Rear\\\":\\\"e7cbh8\\\",\\\"current_uuid\\\":\\\"7h7j28_current\\\",\\\"Rear_uuid\\\":\\\"e7cbh8_Rear\\\",\\\"current_width\\\":\\\"50519px\\\",\\\"current_height\\\":\\\"25022px\\\",\\\"Rear_width\\\":\\\"50519px\\\",\\\"Rear_height\\\":\\\"25143px\\\"},\\\"1\\\":{\\\"current\\\":\\\"e7cbh8\\\",\\\"Rear\\\":\\\"4gumxa\\\",\\\"current_uuid\\\":\\\"e7cbh8_current\\\",\\\"Rear_uuid\\\":\\\"4gumxa_Rear\\\",\\\"current_width\\\":\\\"50519px\\\",\\\"current_height\\\":\\\"25143px\\\",\\\"Rear_width\\\":\\\"50520px\\\",\\\"Rear_height\\\":\\\"25246px\\\"},\\\"2\\\":{\\\"current\\\":\\\"4gumxa\\\",\\\"Rear\\\":\\\"o1b2ll\\\",\\\"current_uuid\\\":\\\"4gumxa_current\\\",\\\"Rear_uuid\\\":\\\"o1b2ll_Rear\\\",\\\"current_width\\\":\\\"50520px\\\",\\\"current_height\\\":\\\"25246px\\\",\\\"Rear_width\\\":\\\"50520px\\\",\\\"Rear_height\\\":\\\"25347px\\\"},\\\"3\\\":{\\\"current\\\":\\\"o1b2ll\\\",\\\"Rear\\\":\\\"d1t92o\\\",\\\"current_uuid\\\":\\\"o1b2ll_current\\\",\\\"Rear_uuid\\\":\\\"d1t92o_Rear\\\",\\\"current_width\\\":\\\"50520px\\\",\\\"current_height\\\":\\\"25347px\\\",\\\"Rear_width\\\":\\\"50522px\\\",\\\"Rear_height\\\":\\\"25454px\\\"},\\\"4\\\":{\\\"current\\\":\\\"d1t92o\\\",\\\"Rear\\\":\\\"liymlj\\\",\\\"current_uuid\\\":\\\"d1t92o_current\\\",\\\"Rear_uuid\\\":\\\"liymlj_Rear\\\",\\\"current_width\\\":\\\"50522px\\\",\\\"current_height\\\":\\\"25454px\\\",\\\"Rear_width\\\":\\\"50522px\\\",\\\"Rear_height\\\":\\\"25547px\\\"}}\",\"echo_html\":[{\"img_status\":\"Below_drawer_d1\",\"data\":\"http://127.0.0.1:8000/static/img_server/%E5%85%83%E7%B4%A0%E5%AE%9A%E4%BD%8D.png\",\"img_name\":\"position\",\"x\":\"50519px\",\"y\":\"25022px\",\"node_id\":\"7h7j28\"},{\"img_status\":\"Below_drawer_d1\",\"data\":\"http://127.0.0.1:8000/static/img_server/%E5%85%83%E7%B4%A0%E5%AE%9A%E4%BD%8D.png\",\"img_name\":\"position\",\"x\":\"50519px\",\"y\":\"25143px\",\"node_id\":\"e7cbh8\"},{\"img_status\":\"Below_drawer_d1\",\"data\":\"http://127.0.0.1:8000/static/img_server/%E5%85%83%E7%B4%A0%E5%AE%9A%E4%BD%8D.png\",\"img_name\":\"position\",\"x\":\"50520px\",\"y\":\"25246px\",\"node_id\":\"4gumxa\"},{\"img_status\":\"Below_drawer_d1\",\"data\":\"http://127.0.0.1:8000/static/img_server/%E5%85%83%E7%B4%A0%E5%AE%9A%E4%BD%8D.png\",\"img_name\":\"position\",\"x\":\"50520px\",\"y\":\"25347px\",\"node_id\":\"o1b2ll\"},{\"img_status\":\"Below_drawer_d1\",\"data\":\"http://127.0.0.1:8000/static/img_server/%E5%85%83%E7%B4%A0%E5%AE%9A%E4%BD%8D.png\",\"img_name\":\"position\",\"x\":\"50522px\",\"y\":\"25454px\",\"node_id\":\"d1t92o\"},{\"img_status\":\"Below_drawer_d1\",\"data\":\"http://127.0.0.1:8000/static/img_server/%E5%85%83%E7%B4%A0%E5%AE%9A%E4%BD%8D.png\",\"img_name\":\"position\",\"x\":\"50522px\",\"y\":\"25547px\",\"node_id\":\"liymlj\"}],\"list_data\":\"{}\",\"Workflow_parameter\":\"None\"}}", "Date": "2021-12-10\u4e0a\u534810:32:12"}}, "log": {"bnn9at": {"7h7j28": {"node_id": "7h7j28", "Return_parameter": "{}", "status": "Success", "Workflow_name": "\u767b\u5f55dpa"}, "e7cbh8": {"node_id": "e7cbh8", "Return_parameter": "{}", "status": "Success", "Workflow_name": "api\u7ba1\u7406\u65b0\u589e\u9879\u76ee"}, "4gumxa": {"node_id": "4gumxa", "Return_parameter": "{}", "status": "Success", "Workflow_name": "\u65b0\u589e\u6a21\u5757"}, "o1b2ll": {"node_id": "o1b2ll", "Return_parameter": "{}", "status": "Success", "Workflow_name": "\u65b0\u589eapi"}, "d1t92o": {"node_id": "d1t92o", "Return_parameter": "{}", "status": "Success", "Workflow_name": "\u65b0\u589e\u65ad\u8a00"}, "liymlj": {"node_id": "liymlj", "Return_parameter": "{}", "status": "Success", "Workflow_name": "\u5220\u9664api\u7ba1\u7406"}}}, "jenkins": "{}", "json_file_url": "./json_data/json_file/api\u7ba1\u7406.json"}