{"workfliow": {"odpn3k": {"Workflow_id": "odpn3k", "Workflow_name": "api\u7f16\u6392", "Workflwow_obj": "{\"odpn3k\":{\"Workflow_name\":\"api\u7f16\u6392\",\"api_node\":\"{\\\"uohe4b\\\":{\\\"Workflow_name\\\":\\\"\\\\n\\\\t\\\\t\\\\t\\\\t\u8fd9\u91cc\u662fapi\u540d\u79f0\\\\n\\\\t\\\\t\\\\t\\\",\\\"type\\\":\\\"post\\\",\\\"url\\\":\\\"http://192.168.3.83:8063/TEST_POST/\\\",\\\"table_head\\\":[{\\\"key\\\":\\\"Content-Type\\\",\\\"value\\\":\\\"application/json\\\",\\\"DESCRIPTION\\\":\\\"\\\",\\\"Disable\\\":true},{\\\"key\\\":\\\"\\\",\\\"value\\\":\\\"\\\",\\\"DESCRIPTION\\\":\\\"\\\",\\\"Disable\\\":true}],\\\"table_body\\\":[{\\\"key\\\":\\\"a\\\",\\\"value\\\":\\\"1234\\\",\\\"status\\\":\\\"Text\\\",\\\"DESCRIPTION\\\":\\\"\\\",\\\"Disable\\\":true},{\\\"key\\\":\\\"\\\",\\\"value\\\":\\\"\\\",\\\"status\\\":\\\"Text\\\",\\\"DESCRIPTION\\\":\\\"\\\",\\\"Disable\\\":true}],\\\"json_head\\\":\\\"\\\",\\\"json_body\\\":\\\"\\\",\\\"Ginseng\\\":[],\\\"head_status\\\":\\\"head_table\\\",\\\"body_status\\\":\\\"body_table\\\"}}\",\"if_node\":\"{\\\"9msv3s\\\":{\\\"Judgment_node\\\":{\\\"ok\\\":[{\\\"node\\\":\\\"\u4fdd\u5b58\u5e76\u6267\u884c\u5de5\u4f5c\u6d41\\\",\\\"node_id\\\":\\\"kt95he\\\",\\\"Ginseng\\\":\\\"log_value\\\",\\\"Compare\\\":\\\"2\\\",\\\"Judgment_value\\\":\\\"200\\\"}],\\\"ok_bu\\\":[{\\\"node\\\":\\\"\u4fdd\u5b58\u5e76\u6267\u884c\u5de5\u4f5c\u6d41\\\",\\\"node_id\\\":\\\"kt95he\\\",\\\"Ginseng\\\":\\\"log_value\\\",\\\"Compare\\\":\\\"3\\\",\\\"Judgment_value\\\":\\\"200\\\"}]},\\\"node_name\\\":\\\"\\\\n\\\\t\\\\t\\\\t\\\\t\u5224\u65ad\u8282\u70b9\u540d\u79f0\\\\n\\\\t\\\\t\\\\t\\\"}}\",\"rpa_node\":\"None\",\"Node_information\":\"{\\\"qas45k\\\":{\\\"1234\\\":{\\\"csrfmiddlewaretoken\\\":\\\"FHdGOfbzVG2zwC91UsSoTHbwhDYdj9S5SrzLHfcTne6DutjpU6I2tuTUxcCAV17e\\\",\\\"path_name\\\":\\\"1234\\\",\\\"sleep_time\\\":\\\"1\\\",\\\"Positioning\\\":\\\"0\\\",\\\"title\\\":\\\"${__data(ip)}\\\",\\\"interest\\\":\\\"0\\\"},\\\"\u8fdb\u5165\u5230dpa\\\":{\\\"csrfmiddlewaretoken\\\":\\\"27bcEhDlrKC9t73zxprvzWqAIhnRXxG7qMRukclnznoiwFf5yTdZVaULWteC5BCZ\\\",\\\"path_name\\\":\\\"\u8fdb\u5165\u5230dpa\\\",\\\"sleep_time\\\":\\\"1\\\",\\\"Positioning\\\":\\\"12\\\",\\\"url\\\":\\\"http://192.168.3.185/dpa/login\\\"},\\\"\u8f93\u5165\u8d26\u53f7\\\":{\\\"csrfmiddlewaretoken\\\":\\\"5rPfX0LLpPfZBf37Q4C1wxBUYrMy5RxgWE6sCx4tQ1Tr17t4wEBSWBsT4Hj3YK9T\\\",\\\"path_name\\\":\\\"\u8f93\u5165\u8d26\u53f7\\\",\\\"sleep_time\\\":\\\"1\\\",\\\"Positioning\\\":\\\"0\\\",\\\"title\\\":\\\"[placeholder=\\\\\\\"\u8bf7\u8f93\u5165\u8d26\u53f7\\\\\\\"]\\\",\\\"interest\\\":\\\"2\\\",\\\"data\\\":\\\"fy\\\"},\\\"\u8f93\u5165\u5bc6\u7801\\\":{\\\"csrfmiddlewaretoken\\\":\\\"5rPfX0LLpPfZBf37Q4C1wxBUYrMy5RxgWE6sCx4tQ1Tr17t4wEBSWBsT4Hj3YK9T\\\",\\\"path_name\\\":\\\"\u8f93\u5165\u5bc6\u7801\\\",\\\"sleep_time\\\":\\\"1\\\",\\\"Positioning\\\":\\\"0\\\",\\\"title\\\":\\\"[placeholder=\\\\\\\"\u8bf7\u8f93\u5165\u5bc6\u7801\\\\\\\"]\\\",\\\"interest\\\":\\\"2\\\",\\\"data\\\":\\\"123456\\\"},\\\"\u70b9\u51fb\u767b\u5f55\\\":{\\\"path_name\\\":\\\"\u70b9\u51fb\u767b\u5f55\\\",\\\"sleep_time\\\":\\\"1\\\",\\\"Positioning\\\":\\\"0\\\",\\\"title\\\":\\\"//span[text()=\\\\\\\"\u767b\u5f55\\\\\\\"]\\\",\\\"interest\\\":\\\"0\\\"}},\\\"qas45k_Sort\\\":[\\\"\u8fdb\u5165\u5230dpa\\\",\\\"\u8f93\u5165\u8d26\u53f7\\\",\\\"\u8f93\u5165\u5bc6\u7801\\\",\\\"\u70b9\u51fb\u767b\u5f55\\\"],\\\"qas45k_Workflow_name\\\":\\\"\u767b\u5f55\u5230dpa\\\",\\\"aan4cj\\\":{\\\"\u70b9\u51fb\u65b0\u589e\u5de5\u4f5c\u6d41\\\":{\\\"csrfmiddlewaretoken\\\":\\\"llIHwVXWZdGfpR6mGk4TIx1KK3EwBUN3lKMHDBhcmLfQwEeltrxALhVNkuH6BKs4\\\",\\\"path_name\\\":\\\"\u70b9\u51fb\u65b0\u589e\u5de5\u4f5c\u6d41\\\",\\\"sleep_time\\\":\\\"1\\\",\\\"Positioning\\\":\\\"0\\\",\\\"title\\\":\\\"//span[text()=\\\\\\\"\u65b0\u589e\\\\\\\"]\\\",\\\"interest\\\":\\\"0\\\"},\\\"\u8f93\u5165\u6807\u9898\\\":{\\\"path_name\\\":\\\"\u8f93\u5165\u6807\u9898\\\",\\\"sleep_time\\\":\\\"1\\\",\\\"Positioning\\\":\\\"0\\\",\\\"title\\\":\\\"[placeholder=\\\\\\\"\u8bf7\u8f93\u5165\u6807\u9898\\\\\\\"]\\\",\\\"interest\\\":\\\"2\\\",\\\"data\\\":\\\"zdh_gzl_api\\\"},\\\"\u70b9\u51fb\u6267\u884c\u5f15\u64ce\u4e0b\u62c9\\\":{\\\"path_name\\\":\\\"\u70b9\u51fb\u6267\u884c\u5f15\u64ce\u4e0b\u62c9\\\",\\\"sleep_time\\\":\\\"1\\\",\\\"Positioning\\\":\\\"0\\\",\\\"title\\\":\\\"text=\u8bf7\u9009\u62e9 \u65e0\u5339\u914d\u6570\u636e \u52a0\u8f7d\u4e2d >> span\\\",\\\"interest\\\":\\\"0\\\"},\\\"\u9009\u4e2d\u6267\u884c\u5f15\u64ce\\\":{\\\"path_name\\\":\\\"\u9009\u4e2d\u6267\u884c\u5f15\u64ce\\\",\\\"sleep_time\\\":\\\"1\\\",\\\"Positioning\\\":\\\"0\\\",\\\"title\\\":\\\"form li:has-text(\\\\\\\"\u6267\u884c>Test>3.185\\\\\\\")\\\",\\\"interest\\\":\\\"0\\\"},\\\"\u70b9\u51fb\u786e\u5b9a\\\":{\\\"path_name\\\":\\\"\u70b9\u51fb\u786e\u5b9a\\\",\\\"sleep_time\\\":\\\"1\\\",\\\"Positioning\\\":\\\"0\\\",\\\"title\\\":\\\"button:has-text(\\\\\\\"\u786e\u8ba4\\\\\\\")\\\",\\\"interest\\\":\\\"0\\\"}},\\\"aan4cj_Sort\\\":[\\\"\u70b9\u51fb\u65b0\u589e\u5de5\u4f5c\u6d41\\\",\\\"\u8f93\u5165\u6807\u9898\\\",\\\"\u70b9\u51fb\u6267\u884c\u5f15\u64ce\u4e0b\u62c9\\\",\\\"\u9009\u4e2d\u6267\u884c\u5f15\u64ce\\\",\\\"\u70b9\u51fb\u786e\u5b9a\\\"],\\\"aan4cj_Workflow_name\\\":\\\"\u5de5\u4f5c\u6d41\u57fa\u672c\u4fe1\u606f\\\",\\\"81ur3e\\\":{\\\"\u70b9\u51fb\u5207\u6362\u5230api\\\":{\\\"csrfmiddlewaretoken\\\":\\\"p2Xw3lRkrqfQsbirR7fJLZiqigpEj4Y5haHSyudtCJkkrnTmI2jv160HFLh0D8SS\\\",\\\"path_name\\\":\\\"\u70b9\u51fb\u5207\u6362\u5230api\\\",\\\"sleep_time\\\":\\\"1\\\",\\\"Positioning\\\":\\\"0\\\",\\\"title\\\":\\\"#workflowEditMain >> text=API\\\",\\\"interest\\\":\\\"0\\\"},\\\"\u62d6\u62fdapi\u8282\u70b9\u81f3\u753b\u5e03\\\":{\\\"path_name\\\":\\\"\u62d6\u62fdapi\u8282\u70b9\u81f3\u753b\u5e03\\\",\\\"sleep_time\\\":\\\"1\\\",\\\"Positioning\\\":\\\"10\\\",\\\"Start_width\\\":\\\"291\\\",\\\"Start_height\\\":\\\"418\\\",\\\"end_width\\\":\\\"700\\\",\\\"end_height\\\":\\\"418\\\",\\\"winW\\\":1280,\\\"winH\\\":720},\\\"\u70b9\u51fb\u7f16\u8f91\u8fdb\u5165api\u8282\u70b9\u7f16\u8f91\\\":{\\\"path_name\\\":\\\"\u70b9\u51fb\u7f16\u8f91\u8fdb\u5165api\u8282\u70b9\u7f16\u8f91\\\",\\\"sleep_time\\\":\\\"1\\\",\\\"Positioning\\\":\\\"0\\\",\\\"title\\\":\\\"text=\u7f16\u8f91\\\",\\\"interest\\\":\\\"0\\\"},\\\"\u70b9\u51fb\u7f16\u8f91\u8fdb\u884c\u7f16\u8f91\\\":{\\\"path_name\\\":\\\"\u70b9\u51fb\u7f16\u8f91\u8fdb\u884c\u7f16\u8f91\\\",\\\"sleep_time\\\":\\\"1\\\",\\\"Positioning\\\":\\\"0\\\",\\\"title\\\":\\\"text=\u7f16\u8f91\\\",\\\"interest\\\":\\\"0\\\"},\\\"\u8f93\u5165\u8282\u70b9\u540d\u79f0\\\":{\\\"csrfmiddlewaretoken\\\":\\\"rW2rQV71ZfA8ruuuznLrHijN9foHuD1SN9Zl2ivKYdsuYScjj8VbQVYG0CqdD4BD\\\",\\\"path_name\\\":\\\"\u8f93\u5165\u8282\u70b9\u540d\u79f0\\\",\\\"sleep_time\\\":\\\"1\\\",\\\"Positioning\\\":\\\"0\\\",\\\"title\\\":\\\"//label[text()=\\\\\\\"\u8282\u70b9\u540d\u79f0\\\\\\\"]/../div/div/div/input\\\",\\\"interest\\\":\\\"2\\\",\\\"data\\\":\\\"api\u8282\u70b9\\\"},\\\"\u8f93\u5165url\\\":{\\\"path_name\\\":\\\"\u8f93\u5165url\\\",\\\"sleep_time\\\":\\\"1\\\",\\\"Positioning\\\":\\\"0\\\",\\\"title\\\":\\\"//label[text()=\\\\\\\"\u8bf7\u6c42\u534f\u8bae\\\\\\\"]/../div/div/div[2]/div/input\\\",\\\"interest\\\":\\\"2\\\",\\\"data\\\":\\\"192.168.3.83:8063/TEST_POST/\\\"},\\\"\u70b9\u51fb\u8ba4\u8bc1\u65b9\u5f0f\\\":{\\\"path_name\\\":\\\"\u70b9\u51fb\u8ba4\u8bc1\u65b9\u5f0f\\\",\\\"sleep_time\\\":\\\"1\\\",\\\"Positioning\\\":\\\"0\\\",\\\"title\\\":\\\"//label[text()=\\\\\\\"\u8ba4\u8bc1\u65b9\u5f0f\\\\\\\"]/../div/div/div/div/div/span\\\",\\\"interest\\\":\\\"0\\\"},\\\"\u9009\u62e9Basic\\\":{\\\"path_name\\\":\\\"\u9009\u62e9Basic\\\",\\\"sleep_time\\\":\\\"1\\\",\\\"Positioning\\\":\\\"0\\\",\\\"title\\\":\\\"//li[text()=\\\\\\\"Basic\\\\\\\"]\\\",\\\"interest\\\":\\\"0\\\"},\\\"\u5207\u6362\u81f3\u53c2\u6570\u754c\u9762\\\":{\\\"path_name\\\":\\\"\u5207\u6362\u81f3\u53c2\u6570\u754c\u9762\\\",\\\"sleep_time\\\":\\\"1\\\",\\\"Positioning\\\":\\\"0\\\",\\\"title\\\":\\\"//label[text()=\\\\\\\"\u8bf7\u6c42\u53c2\u6570\\\\\\\"]\\\",\\\"interest\\\":\\\"0\\\"},\\\"\u70b9\u51fb\u6dfb\u52a0\u53c2\u6570\\\":{\\\"path_name\\\":\\\"\u70b9\u51fb\u6dfb\u52a0\u53c2\u6570\\\",\\\"sleep_time\\\":\\\"1\\\",\\\"Positioning\\\":\\\"0\\\",\\\"title\\\":\\\"//label[text()=\\\\\\\" \u8bf7\u6c42\u53c2\u6570: \\\\\\\"]/../div/div/div/button\\\",\\\"interest\\\":\\\"0\\\"},\\\"\u8f93\u5165key\\\":{\\\"path_name\\\":\\\"\u8f93\u5165key\\\",\\\"sleep_time\\\":\\\"1\\\",\\\"Positioning\\\":\\\"0\\\",\\\"title\\\":\\\"//label[text()=\\\\\\\" \u8bf7\u6c42\u53c2\u6570: \\\\\\\"]/../div/div/div/div/div/div/input\\\",\\\"interest\\\":\\\"2\\\",\\\"data\\\":\\\"a\\\"},\\\"\u8f93\u5165value\\\":{\\\"path_name\\\":\\\"\u8f93\u5165value\\\",\\\"sleep_time\\\":\\\"1\\\",\\\"Positioning\\\":\\\"0\\\",\\\"title\\\":\\\"//label[text()=\\\\\\\" \u8bf7\u6c42\u53c2\u6570: \\\\\\\"]/../div/div/div/div/div[2]/div/div/input\\\",\\\"interest\\\":\\\"2\\\",\\\"data\\\":\\\"1234\\\"},\\\"\u5207\u6362\u81f3\u53c2\u6570\u6d4b\u8bd5\\\":{\\\"path_name\\\":\\\"\u5207\u6362\u81f3\u53c2\u6570\u6d4b\u8bd5\\\",\\\"sleep_time\\\":\\\"1\\\",\\\"Positioning\\\":\\\"0\\\",\\\"title\\\":\\\"//label[text()=\\\\\\\"\u53c2\u6570\u6d4b\u8bd5\\\\\\\"]\\\",\\\"interest\\\":\\\"0\\\"},\\\"\u70b9\u51fb\u6d4b\u8bd5\\\":{\\\"csrfmiddlewaretoken\\\":\\\"hsnXxhjPpJMfza6vrAw2NZM0JStqWMI6vVmEy5EGoij4EfXziOpc1nNxLtvK7BeA\\\",\\\"path_name\\\":\\\"\u70b9\u51fb\u6d4b\u8bd5\\\",\\\"sleep_time\\\":\\\"3\\\",\\\"Positioning\\\":\\\"0\\\",\\\"title\\\":\\\"//span[text()=\\\\\\\"\u6d4b\u8bd5\\\\\\\"]\\\",\\\"interest\\\":\\\"0\\\"},\\\"\u9009\u62e9\u53c2\u6570\\\":{\\\"path_name\\\":\\\"\u9009\u62e9\u53c2\u6570\\\",\\\"sleep_time\\\":\\\"1\\\",\\\"Positioning\\\":\\\"0\\\",\\\"title\\\":\\\"//span[text()='\\\\\\\"val_a\\\\\\\":']\\\",\\\"interest\\\":\\\"5\\\"},\\\"\u70b9\u51fb\u786e\u5b9a\\\":{\\\"path_name\\\":\\\"\u70b9\u51fb\u786e\u5b9a\\\",\\\"sleep_time\\\":\\\"1\\\",\\\"Positioning\\\":\\\"0\\\",\\\"title\\\":\\\"//div[text()=\\\\\\\"API\u7f16\u6392\\\\\\\"]/../../div[2]/div/div[3]/button[1]/span\\\",\\\"interest\\\":\\\"0\\\"}},\\\"81ur3e_Sort\\\":[\\\"\u70b9\u51fb\u5207\u6362\u5230api\\\",\\\"\u62d6\u62fdapi\u8282\u70b9\u81f3\u753b\u5e03\\\",\\\"\u70b9\u51fb\u7f16\u8f91\u8fdb\u884c\u7f16\u8f91\\\",\\\"\u8f93\u5165\u8282\u70b9\u540d\u79f0\\\",\\\"\u8f93\u5165url\\\",\\\"\u70b9\u51fb\u8ba4\u8bc1\u65b9\u5f0f\\\",\\\"\u9009\u62e9Basic\\\",\\\"\u5207\u6362\u81f3\u53c2\u6570\u754c\u9762\\\",\\\"\u70b9\u51fb\u6dfb\u52a0\u53c2\u6570\\\",\\\"\u8f93\u5165key\\\",\\\"\u8f93\u5165value\\\",\\\"\u5207\u6362\u81f3\u53c2\u6570\u6d4b\u8bd5\\\",\\\"\u70b9\u51fb\u6d4b\u8bd5\\\",\\\"\u9009\u62e9\u53c2\u6570\\\",\\\"\u70b9\u51fb\u786e\u5b9a\\\"],\\\"81ur3e_Workflow_name\\\":\\\"\u521b\u5efaapi\u8282\u70b9\\\",\\\"kt95he\\\":{\\\"\u70b9\u51fb\u4fdd\u5b58\\\":{\\\"csrfmiddlewaretoken\\\":\\\"m23Eq2f3K9zm04zFbKJVXP9CM3blK47mnsgCDcu8bMUzSnHRHf39o0V350Ff97vJ\\\",\\\"path_name\\\":\\\"\u70b9\u51fb\u4fdd\u5b58\\\",\\\"sleep_time\\\":\\\"3\\\",\\\"Positioning\\\":\\\"0\\\",\\\"title\\\":\\\"//section[text()=\\\\\\\"\u4fdd\u5b58\\\\\\\"]\\\",\\\"interest\\\":\\\"0\\\"},\\\"\u70b9\u51fb\u6267\u884c\\\":{\\\"path_name\\\":\\\"\u70b9\u51fb\u6267\u884c\\\",\\\"sleep_time\\\":\\\"5\\\",\\\"Positioning\\\":\\\"0\\\",\\\"title\\\":\\\"//section[text()=\\\\\\\"\u6267\u884c\\\\\\\"]\\\",\\\"interest\\\":\\\"0\\\"},\\\"\u70b9\u51fb\u5c55\u5f00\u65e5\u5fd7\\\":{\\\"path_name\\\":\\\"\u70b9\u51fb\u5c55\u5f00\u65e5\u5fd7\\\",\\\"sleep_time\\\":\\\"1\\\",\\\"Positioning\\\":\\\"0\\\",\\\"title\\\":\\\"//div[text()=\\\\\\\" \u8fd0\u884c\u65e5\u5fd7 \\\\\\\"]\\\",\\\"interest\\\":\\\"0\\\"},\\\"\u70b9\u51fb\u5c55\u5f00\u8be6\u60c5\u65e5\u5fd7\\\":{\\\"csrfmiddlewaretoken\\\":\\\"EGiaMniLeZRzu5zOMsY0hi8VXblayOhpwleQc9X9IVkRJign7rQoHymhF3jVDyVK\\\",\\\"path_name\\\":\\\"\u70b9\u51fb\u5c55\u5f00\u8be6\u60c5\u65e5\u5fd7\\\",\\\"sleep_time\\\":\\\"5\\\",\\\"Positioning\\\":\\\"0\\\",\\\"title\\\":\\\"//span[text()=\\\\\\\" api\u8282\u70b9 \\\\\\\"]\\\",\\\"interest\\\":\\\"0\\\"},\\\"\u83b7\u53d6\u65e5\u5fd7\u5185\u5bb9\\\":{\\\"csrfmiddlewaretoken\\\":\\\"apH4IKSsw5CeIomDGL5A1PxeEIRNQI2J4DX4PCgOSrTl1Qrx9uzHh11qXaWHRJ5K\\\",\\\"path_name\\\":\\\"\u83b7\u53d6\u65e5\u5fd7\u5185\u5bb9\\\",\\\"sleep_time\\\":\\\"1\\\",\\\"Positioning\\\":\\\"0\\\",\\\"title\\\":\\\"#workflowEditMain > div.bottom-part.bottom-tab > div.content > div.running-log > div > div > div.ivu-collapse-content > div > p\\\",\\\"interest\\\":\\\"3\\\"},\\\"\u786e\u5b9a\u4fdd\u5b58\\\":{\\\"csrfmiddlewaretoken\\\":\\\"KVkOE3wYMDm1Z63MzoAWeC7bNGa9sp1dgm244Z2p0AGzcpbuJHT0g2siIvH5mleB\\\",\\\"path_name\\\":\\\"\u786e\u5b9a\u4fdd\u5b58\\\",\\\"sleep_time\\\":\\\"1\\\",\\\"Positioning\\\":\\\"0\\\",\\\"title\\\":\\\"//div[text()=\\\\\\\"\u662f\u5426\u9700\u8981\u4fdd\u5b58\u5f53\u524d\u5de5\u4f5c\u6d41\u5185\u5bb9?\\\\\\\"]/../../div[3]/button[2]/span\\\",\\\"interest\\\":\\\"0\\\"},\\\"python\u4f1a\u8bdd\\\":{\\\"csrfmiddlewaretoken\\\":\\\"01kbMQRlucyKx6GX2RRhumB4AjYDV2PhbuD35UWsjaO3hs4TNv1F19AsFM4ZE8u4\\\",\\\"path_name\\\":\\\"python\u4f1a\u8bdd\\\",\\\"sleep_time\\\":\\\"1\\\",\\\"Positioning\\\":\\\"11\\\",\\\"py\\\":\\\"i=0\\\\r\\\\nwhile True:\\\\r\\\\n    try:\\\\r\\\\n        text=self.page.query_selector('//span[text()=\\\\\\\" api\u8282\u70b9 \\\\\\\"]').text_content()\\\\r\\\\n        print(text)\\\\r\\\\n        if \\\\\\\"api\u8282\u70b9\\\\\\\" in text:\\\\r\\\\n            break\\\\r\\\\n    except:\\\\r\\\\n        if i==90:\\\\r\\\\n            raise Exception('\u6267\u884c\u8d85\u65f6')\\\\r\\\\n            break\\\\r\\\\n        time.sleep(3)\\\\r\\\\n        i+=1\\\"}},\\\"kt95he_Sort\\\":[\\\"\u70b9\u51fb\u4fdd\u5b58\\\",\\\"\u786e\u5b9a\u4fdd\u5b58\\\",\\\"\u70b9\u51fb\u6267\u884c\\\",\\\"python\u4f1a\u8bdd\\\",\\\"\u83b7\u53d6\u65e5\u5fd7\u5185\u5bb9\\\"],\\\"kt95he_Workflow_name\\\":\\\"\u4fdd\u5b58\u5e76\u6267\u884c\u5de5\u4f5c\u6d41\\\",\\\"a1h2id\\\":{\\\"\u8fd4\u56de\u5de5\u4f5c\u6d41\u5217\u8868\\\":{\\\"csrfmiddlewaretoken\\\":\\\"eYMxPGaFhVmZTIdHtIAIJnM8uJiGs0w4ab3kFQAoxMc8HPgqCZBTgTDNnuON1uSW\\\",\\\"path_name\\\":\\\"\u8fd4\u56de\u5de5\u4f5c\u6d41\u5217\u8868\\\",\\\"sleep_time\\\":\\\"1\\\",\\\"Positioning\\\":\\\"0\\\",\\\"title\\\":\\\"//span[text()=\\\\\\\"\u7f16\u6392\\\\\\\"]\\\",\\\"interest\\\":\\\"0\\\"},\\\"\u70b9\u51fb\u7b5b\u9009\\\":{\\\"csrfmiddlewaretoken\\\":\\\"eYMxPGaFhVmZTIdHtIAIJnM8uJiGs0w4ab3kFQAoxMc8HPgqCZBTgTDNnuON1uSW\\\",\\\"path_name\\\":\\\"\u70b9\u51fb\u7b5b\u9009\\\",\\\"sleep_time\\\":\\\"1\\\",\\\"Positioning\\\":\\\"0\\\",\\\"title\\\":\\\"//span[text()=\\\\\\\"\u7b5b\u9009\\\\\\\"]\\\",\\\"interest\\\":\\\"0\\\"},\\\"\u8f93\u5165\u7b5b\u9009\u6761\u4ef6\\\":{\\\"path_name\\\":\\\"\u8f93\u5165\u7b5b\u9009\u6761\u4ef6\\\",\\\"sleep_time\\\":\\\"1\\\",\\\"Positioning\\\":\\\"0\\\",\\\"title\\\":\\\"//span[text()=\\\\\\\"\u7b5b\u9009\\\\\\\"]/../../following-sibling::div/div/div/div/div/input\\\",\\\"interest\\\":\\\"2\\\",\\\"data\\\":\\\"zdh_gzl_api\\\"},\\\"\u89e6\u53d1\u7b5b\u9009\\\":{\\\"csrfmiddlewaretoken\\\":\\\"eYMxPGaFhVmZTIdHtIAIJnM8uJiGs0w4ab3kFQAoxMc8HPgqCZBTgTDNnuON1uSW\\\",\\\"path_name\\\":\\\"\u89e6\u53d1\u7b5b\u9009\\\",\\\"sleep_time\\\":\\\"2\\\",\\\"Positioning\\\":\\\"0\\\",\\\"title\\\":\\\"//span[text()=\\\\\\\"\u7b5b\u9009\\\\\\\"]/../../following-sibling::div/div/div/div/div/input\\\",\\\"interest\\\":\\\"0\\\"},\\\"\u663e\u793a\u9690\u85cf\\\":{\\\"csrfmiddlewaretoken\\\":\\\"EYwTmmljTAUnHawHvHtk56DmFkHDB569oitA9aeZSYLGie0mDMt8LVETteQH0qf5\\\",\\\"path_name\\\":\\\"\u663e\u793a\u9690\u85cf\\\",\\\"sleep_time\\\":\\\"1\\\",\\\"Positioning\\\":\\\"8\\\",\\\"js\\\":\\\"var js_display = document.querySelector(\\\\\\\".avatar-more-box > .more-box\\\\\\\");\\\\r\\\\njs_display.style.display = 'block';\\\\r\\\\nvar js_display2 = document.querySelector(\\\\\\\".avatar-more-box > .more-box > .content\\\\\\\");\\\\r\\\\nconsole.log(js_display2,'lllllllllllllllllll',js_display)\\\\r\\\\njs_display2.style.display = 'block';\\\"},\\\"\u70b9\u51fb\u5220\u9664\\\":{\\\"csrfmiddlewaretoken\\\":\\\"EYwTmmljTAUnHawHvHtk56DmFkHDB569oitA9aeZSYLGie0mDMt8LVETteQH0qf5\\\",\\\"path_name\\\":\\\"\u70b9\u51fb\u5220\u9664\\\",\\\"sleep_time\\\":\\\"1\\\",\\\"Positioning\\\":\\\"0\\\",\\\"title\\\":\\\"//span[text()=\\\\\\\"\u5220\u9664\\\\\\\"]\\\",\\\"interest\\\":\\\"0\\\"},\\\"\u70b9\u51fb\u56de\u6536\u7ad9\\\":{\\\"path_name\\\":\\\"\u70b9\u51fb\u56de\u6536\u7ad9\\\",\\\"sleep_time\\\":\\\"1\\\",\\\"Positioning\\\":\\\"0\\\",\\\"title\\\":\\\"//span[text()=\\\\\\\"\u56de\u6536\u7ad9\\\\\\\"]\\\",\\\"interest\\\":\\\"0\\\"},\\\"\u8f93\u5165\u56de\u6536\u7ad9\u7b5b\u9009\u6761\u4ef6\\\":{\\\"path_name\\\":\\\"\u8f93\u5165\u56de\u6536\u7ad9\u7b5b\u9009\u6761\u4ef6\\\",\\\"sleep_time\\\":\\\"1\\\",\\\"Positioning\\\":\\\"0\\\",\\\"title\\\":\\\"//span[text()=\\\\\\\"\u7b5b\u9009\\\\\\\"]/../../following-sibling::div/div/div/div/div/input\\\",\\\"interest\\\":\\\"2\\\",\\\"data\\\":\\\"zdh_gzl_api\\\"},\\\"\u89e6\u53d1\u56de\u6536\u7ad9\u7b5b\u9009\\\":{\\\"path_name\\\":\\\"\u89e6\u53d1\u56de\u6536\u7ad9\u7b5b\u9009\\\",\\\"sleep_time\\\":\\\"1\\\",\\\"Positioning\\\":\\\"0\\\",\\\"title\\\":\\\"//span[text()=\\\\\\\"\u7b5b\u9009\\\\\\\"]/../../following-sibling::div/div/div/div/div/input\\\",\\\"interest\\\":\\\"0\\\"},\\\"\u5f7b\u5e95\u5220\u9664\\\":{\\\"path_name\\\":\\\"\u5f7b\u5e95\u5220\u9664\\\",\\\"sleep_time\\\":\\\"1\\\",\\\"Positioning\\\":\\\"0\\\",\\\"title\\\":\\\"//div[text()=\\\\\\\"\u5f7b\u5e95\u5220\u9664\\\\\\\"]\\\",\\\"interest\\\":\\\"0\\\"},\\\"\u786e\u8ba4\u5220\u9664\\\":{\\\"path_name\\\":\\\"\u786e\u8ba4\u5220\u9664\\\",\\\"sleep_time\\\":\\\"1\\\",\\\"Positioning\\\":\\\"0\\\",\\\"title\\\":\\\"//div[text()=\\\\\\\"\u662f\u5426\u5220\u9664\u6240\u9009\u5de5\u4f5c\u6d41\u6570\u636e\uff1f\\\\\\\"]/../../div[3]/button[2]\\\",\\\"interest\\\":\\\"0\\\"}},\\\"a1h2id_Sort\\\":[\\\"\u8fd4\u56de\u5de5\u4f5c\u6d41\u5217\u8868\\\",\\\"\u70b9\u51fb\u7b5b\u9009\\\",\\\"\u8f93\u5165\u7b5b\u9009\u6761\u4ef6\\\",\\\"\u89e6\u53d1\u7b5b\u9009\\\",\\\"\u663e\u793a\u9690\u85cf\\\",\\\"\u70b9\u51fb\u5220\u9664\\\",\\\"\u70b9\u51fb\u56de\u6536\u7ad9\\\",\\\"\u8f93\u5165\u56de\u6536\u7ad9\u7b5b\u9009\u6761\u4ef6\\\",\\\"\u89e6\u53d1\u56de\u6536\u7ad9\u7b5b\u9009\\\",\\\"\u5f7b\u5e95\u5220\u9664\\\",\\\"\u786e\u8ba4\u5220\u9664\\\"],\\\"a1h2id_Workflow_name\\\":\\\"\u5220\u9664\u5de5\u4f5c\u6d41\\\",\\\"0eljdk\\\":{\\\"\u5173\u95edurl\\\":{\\\"csrfmiddlewaretoken\\\":\\\"kjulJOYZPWubDxbuTeL7z8ucbKg0fU0lwQun6kp8EfJUFKwvQ95FpgvMNvNfY0fD\\\",\\\"path_name\\\":\\\"\u5173\u95edurl\\\",\\\"sleep_time\\\":\\\"1\\\",\\\"Positioning\\\":\\\"13\\\"}},\\\"0eljdk_Sort\\\":[\\\"\u5173\u95edurl\\\"],\\\"0eljdk_Workflow_name\\\":\\\"\\\\n\\\\t\\\\t\\\\t\\\\t\u5143\u7d20\u5b9a\u4f4d\u8282\u70b9\u540d\u79f0\\\\n\\\\t\\\\t\\\\t\\\"}\",\"sql_node\":\"None\",\"merge_node\":\"None\",\"condition\":\"{\\\"9msv3s__a1h2id\\\":{\\\"ok\\\":\\\"OFF\\\",\\\"ok_bu\\\":\\\"OFF\\\",\\\"Workflow_name\\\":\\\"\u8fde\u7ebf\u540d\u79f0\\\"},\\\"9msv3s__uohe4b\\\":{\\\"ok\\\":\\\"OFF\\\",\\\"ok_bu\\\":\\\"OFF\\\",\\\"Workflow_name\\\":\\\"\u8fde\u7ebf\u540d\u79f0\\\"}}\",\"Ginseng\":\"{\\\"qas45k\\\":[],\\\"aan4cj\\\":[],\\\"81ur3e\\\":[],\\\"kt95he\\\":[{\\\"title\\\":\\\"log_value\\\",\\\"sex\\\":\\\"re\\\",\\\"desc\\\":\\\"'code': (.*?),\\\"}],\\\"uohe4b\\\":[],\\\"a1h2id\\\":[],\\\"0eljdk\\\":[]}\",\"connections\":\"{\\\"0\\\":{\\\"current\\\":\\\"qas45k\\\",\\\"Rear\\\":\\\"aan4cj\\\",\\\"current_uuid\\\":\\\"qas45k_current\\\",\\\"Rear_uuid\\\":\\\"aan4cj_Rear\\\",\\\"current_width\\\":\\\"50480px\\\",\\\"current_height\\\":\\\"25073px\\\",\\\"Rear_width\\\":\\\"50480px\\\",\\\"Rear_height\\\":\\\"25189px\\\"},\\\"1\\\":{\\\"current\\\":\\\"aan4cj\\\",\\\"Rear\\\":\\\"81ur3e\\\",\\\"current_uuid\\\":\\\"aan4cj_current\\\",\\\"Rear_uuid\\\":\\\"81ur3e_Rear\\\",\\\"current_width\\\":\\\"50480px\\\",\\\"current_height\\\":\\\"25189px\\\",\\\"Rear_width\\\":\\\"50480px\\\",\\\"Rear_height\\\":\\\"25291px\\\"},\\\"2\\\":{\\\"current\\\":\\\"81ur3e\\\",\\\"Rear\\\":\\\"kt95he\\\",\\\"current_uuid\\\":\\\"81ur3e_current\\\",\\\"Rear_uuid\\\":\\\"kt95he_Rear\\\",\\\"current_width\\\":\\\"50480px\\\",\\\"current_height\\\":\\\"25291px\\\",\\\"Rear_width\\\":\\\"50480px\\\",\\\"Rear_height\\\":\\\"25388px\\\"},\\\"3\\\":{\\\"current\\\":\\\"kt95he\\\",\\\"Rear\\\":\\\"9msv3s\\\",\\\"current_uuid\\\":\\\"kt95he_current\\\",\\\"Rear_uuid\\\":\\\"9msv3s_Rear\\\",\\\"current_width\\\":\\\"50480px\\\",\\\"current_height\\\":\\\"25388px\\\",\\\"Rear_width\\\":\\\"50520px\\\",\\\"Rear_height\\\":\\\"25477px\\\"},\\\"4\\\":{\\\"current\\\":\\\"9msv3s\\\",\\\"Rear\\\":\\\"a1h2id\\\",\\\"current_uuid\\\":\\\"9msv3s_current\\\",\\\"Rear_uuid\\\":\\\"a1h2id_Rear\\\",\\\"current_width\\\":\\\"50520px\\\",\\\"current_height\\\":\\\"25477px\\\",\\\"Rear_width\\\":\\\"50347px\\\",\\\"Rear_height\\\":\\\"25557px\\\"},\\\"5\\\":{\\\"current\\\":\\\"9msv3s\\\",\\\"Rear\\\":\\\"uohe4b\\\",\\\"current_uuid\\\":\\\"9msv3s_current\\\",\\\"Rear_uuid\\\":\\\"uohe4b_Rear\\\",\\\"current_width\\\":\\\"50520px\\\",\\\"current_height\\\":\\\"25477px\\\",\\\"Rear_width\\\":\\\"50610px\\\",\\\"Rear_height\\\":\\\"25557px\\\"},\\\"6\\\":{\\\"current\\\":\\\"a1h2id\\\",\\\"Rear\\\":\\\"0eljdk\\\",\\\"current_uuid\\\":\\\"a1h2id_current\\\",\\\"Rear_uuid\\\":\\\"0eljdk_Rear\\\",\\\"current_width\\\":\\\"50347px\\\",\\\"current_height\\\":\\\"25557px\\\",\\\"Rear_width\\\":\\\"50347px\\\",\\\"Rear_height\\\":\\\"25670px\\\"}}\",\"echo_html\":[{\"img_status\":\"Below_drawer_d1\",\"data\":\"http://127.0.0.1:8000/static/img_server/%E5%85%83%E7%B4%A0%E5%AE%9A%E4%BD%8D.png\",\"img_name\":\"position\",\"x\":\"50480px\",\"y\":\"25073px\",\"node_id\":\"qas45k\"},{\"img_status\":\"Below_drawer_d1\",\"data\":\"http://127.0.0.1:8000/static/img_server/%E5%85%83%E7%B4%A0%E5%AE%9A%E4%BD%8D.png\",\"img_name\":\"position\",\"x\":\"50480px\",\"y\":\"25189px\",\"node_id\":\"aan4cj\"},{\"img_status\":\"Below_drawer_d1\",\"data\":\"http://127.0.0.1:8000/static/img_server/%E5%85%83%E7%B4%A0%E5%AE%9A%E4%BD%8D.png\",\"img_name\":\"position\",\"x\":\"50480px\",\"y\":\"25291px\",\"node_id\":\"81ur3e\"},{\"img_status\":\"Below_drawer_d1\",\"data\":\"http://127.0.0.1:8000/static/img_server/%E5%85%83%E7%B4%A0%E5%AE%9A%E4%BD%8D.png\",\"img_name\":\"position\",\"x\":\"50480px\",\"y\":\"25388px\",\"node_id\":\"kt95he\"},{\"img_status\":\"Below_drawer_d1\",\"data\":\"http://127.0.0.1:8000/static/img_server/%E5%88%86.png\",\"img_name\":\"separate\",\"x\":\"50520px\",\"y\":\"25477px\",\"node_id\":\"9msv3s\"},{\"img_status\":\"Below_drawer_d1\",\"data\":\"http://127.0.0.1:8000/static/img_server/%E5%85%83%E7%B4%A0%E5%AE%9A%E4%BD%8D.png\",\"img_name\":\"position\",\"x\":\"50347px\",\"y\":\"25557px\",\"node_id\":\"a1h2id\"},{\"img_status\":\"Below_drawer_d1\",\"data\":\"http://127.0.0.1:8000/static/img_server/API.png\",\"img_name\":\"API\",\"x\":\"50610px\",\"y\":\"25557px\",\"node_id\":\"uohe4b\"},{\"img_status\":\"Below_drawer_d1\",\"data\":\"http://127.0.0.1:8000/static/img_server/%E5%85%83%E7%B4%A0%E5%AE%9A%E4%BD%8D.png\",\"img_name\":\"position\",\"x\":\"50347px\",\"y\":\"25670px\",\"node_id\":\"0eljdk\"}],\"list_data\":\"{\\\"ip\\\":\\\"1234\\\"}\",\"Workflow_parameter\":\"None\"}}", "Date": "2021-12-10\u4e0a\u534810:59:56"}}, "log": {"odpn3k": {"qas45k": {"node_id": "qas45k", "Return_parameter": "{}", "status": "Success", "Workflow_name": "\u767b\u5f55\u5230dpa"}, "aan4cj": {"node_id": "aan4cj", "Return_parameter": "{}", "status": "Success", "Workflow_name": "\u5de5\u4f5c\u6d41\u57fa\u672c\u4fe1\u606f"}, "81ur3e": {"node_id": "81ur3e", "Return_parameter": "{}", "status": "Success", "Workflow_name": "\u521b\u5efaapi\u8282\u70b9"}, "kt95he": {"node_id": "kt95he", "Return_parameter": "{\"\u83b7\u53d6\u65e5\u5fd7\u5185\u5bb9\": \"[api] Job(api-202112101101090938327) is PENDING\n[2021-12-10 11:01:09: INFO/api] Job(api-202112101101090938327) is STARTED\n[2021-12-10 11:01:09: INFO/http://192.168.3.83:8063/TEST_POST/] \n{'code': 200, 'msg': '\u6d4b\u554a\u6d4b', 'data': [{'API': 'POST', 'val_a': '1234', 'val_b': None}]}\n\n[2021-12-10 11:01:09: INFO/api] Job(api-202112101101090938327) is SUCCESS\n\"}", "status": "Success", "Workflow_name": "\u4fdd\u5b58\u5e76\u6267\u884c\u5de5\u4f5c\u6d41"}, "a1h2id": {"node_id": "a1h2id", "Return_parameter": "{}", "status": "Success", "Workflow_name": "\u5220\u9664\u5de5\u4f5c\u6d41"}, "0eljdk": {"node_id": "0eljdk", "Return_parameter": "{}", "status": "Success", "Workflow_name": "\n\t\t\t\t\u5143\u7d20\u5b9a\u4f4d\u8282\u70b9\u540d\u79f0\n\t\t\t"}, "uohe4b": {"node_id": "uohe4b", "Return_parameter": "{\"code\": 200, \"msg\": \"\\u6d4b\\u554a\\u6d4b\", \"data\": [{\"API\": \"POST\", \"val_a\": \"1234\", \"val_b\": null}]}", "status": "Success", "Workflow_name": "\n\t\t\t\t\u8fd9\u91cc\u662fapi\u540d\u79f0\n\t\t\t"}}}, "jenkins": "{\"v1.0\":{\"data\":[{\"node_name\":\"\u5de5\u4f5c\u6d41\u540d\u79f0\",\"node_id\":\"odpn3k\",\"node_status\":true}],\"Version\":\"v1.0\"}}", "json_file_url": "./json_data/json_file/api\u7f16\u6392.json"}