{"workfliow": {"qnatp7": {"Workflow_id": "qnatp7", "Workflow_name": "cicd", "Workflwow_obj": "{\"qnatp7\":{\"Workflow_name\":\"cicd\",\"api_node\":\"{\\\"8k89rf\\\":{\\\"Workflow_name\\\":\\\"\\\\n\\\\t\\\\t\\\\t\\\\t\u8fd9\u91cc\u662fapi\u540d\u79f0\\\\n\\\\t\\\\t\\\\t\\\",\\\"type\\\":\\\"post\\\",\\\"url\\\":\\\"https://oapi.dingtalk.com/robot/send?access_token=8df34a5729646ef5029398534b899282bdd3e8a4dccaa80dbd8afd045acd4e9a\\\",\\\"table_head\\\":[{\\\"key\\\":\\\"Content-Type\\\",\\\"value\\\":\\\"application/json\\\",\\\"DESCRIPTION\\\":\\\"\\\",\\\"Disable\\\":true},{\\\"key\\\":\\\"\\\",\\\"value\\\":\\\"\\\",\\\"DESCRIPTION\\\":\\\"\\\",\\\"Disable\\\":true}],\\\"table_body\\\":[{\\\"key\\\":\\\"a\\\",\\\"value\\\":\\\"1234\\\",\\\"status\\\":\\\"Text\\\",\\\"DESCRIPTION\\\":\\\"\\\",\\\"Disable\\\":true},{\\\"key\\\":\\\"\\\",\\\"value\\\":\\\"\\\",\\\"status\\\":\\\"Text\\\",\\\"DESCRIPTION\\\":\\\"\\\",\\\"Disable\\\":true}],\\\"json_head\\\":\\\"\\\",\\\"json_body\\\":\\\"{\\\\r\\\\n    \\\\\\\"msgtype\\\\\\\": \\\\\\\"link\\\\\\\",\\\\r\\\\n    \\\\\\\"link\\\\\\\": {\\\\r\\\\n        \\\\\\\"text\\\\\\\": \\\\\\\"text\\\\\\\",\\\\r\\\\n        \\\\\\\"title\\\\\\\": \\\\\\\"\u81ea\u52a8\u5316-cicd\u6570\u636e\u6e05\u9664\u65f6\u5931\u8d25\\\\\\\",\\\\r\\\\n        \\\\\\\"picUrl\\\\\\\": \\\\\\\"picUrl\\\\\\\",     \\\\r\\\\n        \\\\\\\"messageUrl\\\\\\\": \\\\\\\"messageUrl\\\\\\\"\\\\r\\\\n    }\\\\r\\\\n}\\\",\\\"Ginseng\\\":[],\\\"head_status\\\":\\\"head_table\\\",\\\"body_status\\\":\\\"body_json\\\"},\\\"ggoa0i\\\":{\\\"Workflow_name\\\":\\\"\u6700\u540e\u4e00\u4e2a\\\",\\\"type\\\":\\\"post\\\",\\\"url\\\":\\\"https://oapi.dingtalk.com/robot/send?access_token=8df34a5729646ef5029398534b899282bdd3e8a4dccaa80dbd8afd045acd4e9a\\\",\\\"table_head\\\":[{\\\"key\\\":\\\"Content-Type\\\",\\\"value\\\":\\\"application/json\\\",\\\"DESCRIPTION\\\":\\\"\\\",\\\"Disable\\\":true},{\\\"key\\\":\\\"\\\",\\\"value\\\":\\\"\\\",\\\"DESCRIPTION\\\":\\\"\\\",\\\"Disable\\\":true}],\\\"table_body\\\":[{\\\"key\\\":\\\"a\\\",\\\"value\\\":\\\"1234\\\",\\\"status\\\":\\\"Text\\\",\\\"DESCRIPTION\\\":\\\"\\\",\\\"Disable\\\":true},{\\\"key\\\":\\\"\\\",\\\"value\\\":\\\"\\\",\\\"status\\\":\\\"Text\\\",\\\"DESCRIPTION\\\":\\\"\\\",\\\"Disable\\\":true}],\\\"json_head\\\":\\\"\\\",\\\"json_body\\\":\\\"{\\\\r\\\\n    \\\\\\\"msgtype\\\\\\\": \\\\\\\"link\\\\\\\",\\\\r\\\\n    \\\\\\\"link\\\\\\\": {\\\\r\\\\n        \\\\\\\"text\\\\\\\": \\\\\\\"text\\\\\\\",\\\\r\\\\n        \\\\\\\"title\\\\\\\": \\\\\\\"\u81ea\u52a8\u5316-cicd\u6210\u529f\u6267\u884c\\\\\\\",\\\\r\\\\n        \\\\\\\"picUrl\\\\\\\": \\\\\\\"picUrl\\\\\\\",     \\\\r\\\\n        \\\\\\\"messageUrl\\\\\\\": \\\\\\\"messageUrl\\\\\\\"\\\\r\\\\n    }\\\\r\\\\n}\\\",\\\"Ginseng\\\":[],\\\"head_status\\\":\\\"head_table\\\",\\\"body_status\\\":\\\"body_json\\\"},\\\"ooukze\\\":{\\\"Workflow_name\\\":\\\"\\\\n\\\\t\\\\t\\\\t\\\\tapi\\\",\\\"type\\\":\\\"post\\\",\\\"url\\\":\\\"https://oapi.dingtalk.com/robot/send?access_token=8df34a5729646ef5029398534b899282bdd3e8a4dccaa80dbd8afd045acd4e9a\\\",\\\"table_head\\\":[{\\\"key\\\":\\\"Content-Type\\\",\\\"value\\\":\\\"application/json\\\",\\\"DESCRIPTION\\\":\\\"\\\",\\\"Disable\\\":true},{\\\"key\\\":\\\"\\\",\\\"value\\\":\\\"\\\",\\\"DESCRIPTION\\\":\\\"\\\",\\\"Disable\\\":true}],\\\"table_body\\\":[{\\\"key\\\":\\\"a\\\",\\\"value\\\":\\\"1234\\\",\\\"status\\\":\\\"Text\\\",\\\"DESCRIPTION\\\":\\\"\\\",\\\"Disable\\\":true},{\\\"key\\\":\\\"\\\",\\\"value\\\":\\\"\\\",\\\"status\\\":\\\"Text\\\",\\\"DESCRIPTION\\\":\\\"\\\",\\\"Disable\\\":true}],\\\"json_head\\\":\\\"\\\",\\\"json_body\\\":\\\"{\\\\r\\\\n    \\\\\\\"msgtype\\\\\\\": \\\\\\\"link\\\\\\\",\\\\r\\\\n    \\\\\\\"link\\\\\\\": {\\\\r\\\\n        \\\\\\\"text\\\\\\\": \\\\\\\"text\\\\\\\",\\\\r\\\\n        \\\\\\\"title\\\\\\\": \\\\\\\"\u81ea\u52a8\u5316-cicd\u6267\u884c\u5931\u8d25\\\\\\\",\\\\r\\\\n        \\\\\\\"picUrl\\\\\\\": \\\\\\\"picUrl\\\\\\\",     \\\\r\\\\n        \\\\\\\"messageUrl\\\\\\\": \\\\\\\"messageUrl\\\\\\\"\\\\r\\\\n    }\\\\r\\\\n}\\\",\\\"Ginseng\\\":[],\\\"head_status\\\":\\\"head_table\\\",\\\"body_status\\\":\\\"body_json\\\"}}\",\"if_node\":\"{\\\"5do95f\\\":{\\\"Judgment_node\\\":{\\\"\\\":[{\\\"node\\\":\\\"\u6e05\u7a7a\u56de\u6536\u7ad9\\\",\\\"node_id\\\":\\\"xqu0tp\\\",\\\"Ginseng\\\":\\\"200\\\",\\\"Compare\\\":\\\"2\\\",\\\"Judgment_value\\\":\\\"200\\\"}],\\\"yes\\\":[{\\\"node\\\":\\\"\u6e05\u7a7a\u56de\u6536\u7ad9\\\",\\\"node_id\\\":\\\"xqu0tp\\\",\\\"Ginseng\\\":\\\"200\\\",\\\"Compare\\\":\\\"2\\\",\\\"Judgment_value\\\":\\\"200\\\"}],\\\"no\\\":[{\\\"node\\\":\\\"\u6e05\u7a7a\u56de\u6536\u7ad9\\\",\\\"node_id\\\":\\\"xqu0tp\\\",\\\"Ginseng\\\":\\\"200\\\",\\\"Compare\\\":\\\"3\\\",\\\"Judgment_value\\\":\\\"200\\\"}]},\\\"node_name\\\":\\\"\\\\n\\\\t\\\\t\\\\t\\\\t\u5224\u65ad\u8282\u70b9\u540d\u79f0\\\\n\\\\t\\\\t\\\\t\\\"},\\\"kzf5ee\\\":{\\\"Judgment_node\\\":{\\\"\\\":[{\\\"node\\\":\\\"\\\",\\\"node_id\\\":null,\\\"Ginseng\\\":\\\"\\\",\\\"Compare\\\":\\\"0\\\",\\\"Judgment_value\\\":\\\"\\\"}],\\\"\u6210\u529f\\\":[{\\\"node\\\":\\\"\u83b7\u53d6\u65e5\u5fd7\u5185\u5bb9\\\",\\\"node_id\\\":\\\"6w51xc\\\",\\\"Ginseng\\\":\\\"cicd\u65e5\u5fd7\\\",\\\"Compare\\\":\\\"3\\\",\\\"Judgment_value\\\":\\\"ERROR\\\"}],\\\"\u5931\u8d25\\\":[{\\\"node\\\":\\\"\u83b7\u53d6\u65e5\u5fd7\u5185\u5bb9\\\",\\\"node_id\\\":\\\"6w51xc\\\",\\\"Ginseng\\\":\\\"cicd\u65e5\u5fd7\\\",\\\"Compare\\\":\\\"2\\\",\\\"Judgment_value\\\":\\\"ERROR\\\"}]},\\\"node_name\\\":\\\"\\\\n\\\\t\\\\t\\\\t\\\\t\u5224\u65ad\u8282\u70b9\u540d\u79f0\\\\n\\\\t\\\\t\\\\t\\\"}}\",\"rpa_node\":\"None\",\"Node_information\":\"{\\\"hrgnk9\\\":{\\\"\u8fdb\u5165\u5230dpa\\\":{\\\"csrfmiddlewaretoken\\\":\\\"YoHw8pZP8OloQb3l9ziDKZ0xgNnNXAz8KDY7Gu0kx3RiwSxI7LCzuGRn39fvZGtA\\\",\\\"path_name\\\":\\\"\u8fdb\u5165\u5230dpa\\\",\\\"sleep_time\\\":\\\"1\\\",\\\"Positioning\\\":\\\"12\\\",\\\"url\\\":\\\"${__data(url)}\\\"},\\\"\u8f93\u5165\u8d26\u53f7\\\":{\\\"csrfmiddlewaretoken\\\":\\\"YoHw8pZP8OloQb3l9ziDKZ0xgNnNXAz8KDY7Gu0kx3RiwSxI7LCzuGRn39fvZGtA\\\",\\\"path_name\\\":\\\"\u8f93\u5165\u8d26\u53f7\\\",\\\"sleep_time\\\":\\\"1\\\",\\\"Positioning\\\":\\\"0\\\",\\\"title\\\":\\\"[placeholder=\\\\\\\"\u8bf7\u8f93\u5165\u8d26\u53f7\\\\\\\"]\\\",\\\"interest\\\":\\\"2\\\",\\\"data\\\":\\\"${__data(user)}\\\"},\\\"\u8f93\u5165\u5bc6\u7801\\\":{\\\"csrfmiddlewaretoken\\\":\\\"YoHw8pZP8OloQb3l9ziDKZ0xgNnNXAz8KDY7Gu0kx3RiwSxI7LCzuGRn39fvZGtA\\\",\\\"path_name\\\":\\\"\u8f93\u5165\u5bc6\u7801\\\",\\\"sleep_time\\\":\\\"1\\\",\\\"Positioning\\\":\\\"0\\\",\\\"title\\\":\\\"[placeholder=\\\\\\\"\u8bf7\u8f93\u5165\u5bc6\u7801\\\\\\\"]\\\",\\\"interest\\\":\\\"2\\\",\\\"data\\\":\\\"${__data(pwd)}\\\"},\\\"\u70b9\u51fb\u767b\u5f55\\\":{\\\"csrfmiddlewaretoken\\\":\\\"vAYIgdW3wMtIdlYTWFDwtlIAyqpLfu1nzKkoY4KWCg7cO1zK3gozLNMtnQAkblmh\\\",\\\"path_name\\\":\\\"\u70b9\u51fb\u767b\u5f55\\\",\\\"sleep_time\\\":\\\"3\\\",\\\"Positioning\\\":\\\"0\\\",\\\"title\\\":\\\"//span[text()=\\\\\\\"\u767b\u5f55\\\\\\\"]\\\",\\\"interest\\\":\\\"0\\\"}},\\\"hrgnk9_Sort\\\":[\\\"\u8fdb\u5165\u5230dpa\\\",\\\"\u8f93\u5165\u8d26\u53f7\\\",\\\"\u8f93\u5165\u5bc6\u7801\\\",\\\"\u70b9\u51fb\u767b\u5f55\\\"],\\\"hrgnk9_Workflow_name\\\":\\\"\u767b\u5f55\u5230dpa\\\",\\\"j21u9c\\\":{\\\"\u70b9\u51fb\u7f16\u6392\\\":{\\\"csrfmiddlewaretoken\\\":\\\"mBhnqoUcp95aO6cSodnVnCmKOrrOlYHJkReZWXHNyTayXwH3lqLgtmBMJjgGVQ4g\\\",\\\"path_name\\\":\\\"\u70b9\u51fb\u7f16\u6392\\\",\\\"sleep_time\\\":\\\"1\\\",\\\"Positioning\\\":\\\"0\\\",\\\"title\\\":\\\"//span[text()=\\\\\\\"\u7f16\u6392\\\\\\\"]\\\",\\\"interest\\\":\\\"0\\\"},\\\"\u70b9\u51fb\u65b0\u589e\\\":{\\\"path_name\\\":\\\"\u70b9\u51fb\u65b0\u589e\\\",\\\"sleep_time\\\":\\\"1\\\",\\\"Positioning\\\":\\\"0\\\",\\\"title\\\":\\\"//span[text()=\\\\\\\"\u65b0\u589e\\\\\\\"]\\\",\\\"interest\\\":\\\"0\\\"},\\\"\u65b0\u589eid\\\":{\\\"path_name\\\":\\\"\u65b0\u589eid\\\",\\\"sleep_time\\\":\\\"1\\\",\\\"Positioning\\\":\\\"8\\\",\\\"js\\\":\\\"var a = document.getElementsByTagName(\\\\\\\"input\\\\\\\")\\\\r\\\\na[1].setAttribute('id','input_send');\\\"},\\\"\u8f93\u5165\u5de5\u4f5c\u6d41\u6807\u9898\\\":{\\\"path_name\\\":\\\"\u8f93\u5165\u5de5\u4f5c\u6d41\u6807\u9898\\\",\\\"sleep_time\\\":\\\"1\\\",\\\"Positioning\\\":\\\"0\\\",\\\"title\\\":\\\"//label[text()=\\\\\\\"\u6807\u9898\\\\\\\"]/../div/div/input\\\",\\\"interest\\\":\\\"2\\\",\\\"data\\\":\\\"zdh_cicd\\\"},\\\"\u70b9\u51fb\u4e0b\u62c9\\\":{\\\"path_name\\\":\\\"\u70b9\u51fb\u4e0b\u62c9\\\",\\\"sleep_time\\\":\\\"1\\\",\\\"Positioning\\\":\\\"0\\\",\\\"title\\\":\\\"//label[text()=\\\\\\\"\u6267\u884c\u5f15\u64ce\\\\\\\"]/../div/div/div/div/span\\\",\\\"interest\\\":\\\"0\\\"},\\\"\u70b9\u51fb\u4e0b\u62c9\u83dc\u5355\\\":{\\\"path_name\\\":\\\"\u70b9\u51fb\u4e0b\u62c9\u83dc\u5355\\\",\\\"sleep_time\\\":\\\"1\\\",\\\"Positioning\\\":\\\"0\\\",\\\"title\\\":\\\"//label[text()=\\\\\\\"\u6267\u884c\u5f15\u64ce\\\\\\\"]/../div/div/div/div/span\\\",\\\"interest\\\":\\\"0\\\"},\\\"\u9009\u62e9\u6267\u884c\u5f15\u64ce\\\":{\\\"csrfmiddlewaretoken\\\":\\\"KllhHEzsm3jdG6pZLGxFcPMBhQYdvfqRIaft1zVkRMcEIsdVp5LdcOiDNCH9Zf4l\\\",\\\"path_name\\\":\\\"\u9009\u62e9\u6267\u884c\u5f15\u64ce\\\",\\\"sleep_time\\\":\\\"1\\\",\\\"Positioning\\\":\\\"0\\\",\\\"title\\\":\\\"//div/span[text()=\\\\\\\"${__data(engine)}\\\\\\\"]\\\",\\\"interest\\\":\\\"0\\\"},\\\"\u70b9\u51fb\u786e\u5b9a\\\":{\\\"path_name\\\":\\\"\u70b9\u51fb\u786e\u5b9a\\\",\\\"sleep_time\\\":\\\"1\\\",\\\"Positioning\\\":\\\"0\\\",\\\"title\\\":\\\"//span[text()=\\\\\\\"\u786e\u8ba4\\\\\\\"]\\\",\\\"interest\\\":\\\"0\\\"}},\\\"j21u9c_Sort\\\":[\\\"\u70b9\u51fb\u7f16\u6392\\\",\\\"\u70b9\u51fb\u65b0\u589e\\\",\\\"\u65b0\u589eid\\\",\\\"\u8f93\u5165\u5de5\u4f5c\u6d41\u6807\u9898\\\",\\\"\u70b9\u51fb\u4e0b\u62c9\u83dc\u5355\\\",\\\"\u9009\u62e9\u6267\u884c\u5f15\u64ce\\\",\\\"\u70b9\u51fb\u786e\u5b9a\\\"],\\\"j21u9c_Workflow_name\\\":\\\"\u5de5\u4f5c\u6d41\u57fa\u672c\u4fe1\u606f\\\",\\\"5hw725\\\":{\\\"\u7b5b\u9009\u7ec4\u4ef6\\\":{\\\"csrfmiddlewaretoken\\\":\\\"4LYUqOvriMVye5nMrH4FG5jEtYHCP4LwQ7waJgrq5LOheA92TZenccqa7KMOhMCA\\\",\\\"path_name\\\":\\\"\u7b5b\u9009\u7ec4\u4ef6\\\",\\\"sleep_time\\\":\\\"1\\\",\\\"Positioning\\\":\\\"0\\\",\\\"title\\\":\\\"[placeholder=\\\\\\\"\u641c\u7d22\u7ec4\u4ef6\u540d\\\\\\\"] > input\\\",\\\"interest\\\":\\\"2\\\",\\\"data\\\":\\\"\u4ee3\u7801\u7ba1\u7406\\\"},\\\"\u62d6\u52a8\u4ee3\u7801\u6e90\\\":{\\\"csrfmiddlewaretoken\\\":\\\"4LYUqOvriMVye5nMrH4FG5jEtYHCP4LwQ7waJgrq5LOheA92TZenccqa7KMOhMCA\\\",\\\"path_name\\\":\\\"\u62d6\u52a8\u4ee3\u7801\u6e90\\\",\\\"sleep_time\\\":\\\"1\\\",\\\"Positioning\\\":\\\"10\\\",\\\"Start_width\\\":\\\"291\\\",\\\"Start_height\\\":\\\"418\\\",\\\"end_width\\\":\\\"500\\\",\\\"end_height\\\":\\\"418\\\",\\\"winW\\\":1280,\\\"winH\\\":720},\\\"\u70b9\u51fb\u7f16\u8f91\\\":{\\\"csrfmiddlewaretoken\\\":\\\"AtiMxGN6fYXbFJM1NdzRU9y9KuYXt2HMFF8cFXc9xeUtxwQj5BaJf3lMeDL9dlR8\\\",\\\"path_name\\\":\\\"\u70b9\u51fb\u7f16\u8f91\\\",\\\"sleep_time\\\":\\\"1\\\",\\\"Positioning\\\":\\\"0\\\",\\\"title\\\":\\\"text=\u7f16\u8f91\\\",\\\"interest\\\":\\\"0\\\"},\\\"\u5207\u6362\u51ed\u8bc1\u7c7b\u578b\\\":{\\\"path_name\\\":\\\"\u5207\u6362\u51ed\u8bc1\u7c7b\u578b\\\",\\\"sleep_time\\\":\\\"1\\\",\\\"Positioning\\\":\\\"0\\\",\\\"title\\\":\\\"//span[text()=\\\\\\\"\u4e0b\u4e00\u6b65\\\\\\\"]\\\",\\\"interest\\\":\\\"0\\\"},\\\"\u8f93\u5165\u8282\u70b9\u540d\u79f0\\\":{\\\"path_name\\\":\\\"\u8f93\u5165\u8282\u70b9\u540d\u79f0\\\",\\\"sleep_time\\\":\\\"1\\\",\\\"Positioning\\\":\\\"0\\\",\\\"title\\\":\\\"//label[text()=\\\\\\\"\u8282\u70b9\u540d\u79f0\\\\\\\"]/following-sibling::div/div/input\\\",\\\"interest\\\":\\\"2\\\",\\\"data\\\":\\\"git\\\"},\\\"\u70b9\u51fb\u4e0b\u62c9\\\":{\\\"path_name\\\":\\\"\u70b9\u51fb\u4e0b\u62c9\\\",\\\"sleep_time\\\":\\\"1\\\",\\\"Positioning\\\":\\\"0\\\",\\\"title\\\":\\\"//label[text()=\\\\\\\"\u51ed\u8bc1\u9009\u62e9\\\\\\\"]/../div/div/div/div/input\\\",\\\"interest\\\":\\\"0\\\"},\\\"\u9009\u62e9\u51ed\u8bc1\\\":{\\\"path_name\\\":\\\"\u9009\u62e9\u51ed\u8bc1\\\",\\\"sleep_time\\\":\\\"1\\\",\\\"Positioning\\\":\\\"0\\\",\\\"title\\\":\\\"//li[text()=\\\\\\\"git\u56de\u5f52\\\\\\\"]\\\",\\\"interest\\\":\\\"0\\\"},\\\"\u5207\u6362\u4ed3\u5e93\u8bbe\u7f6e\\\":{\\\"path_name\\\":\\\"\u5207\u6362\u4ed3\u5e93\u8bbe\u7f6e\\\",\\\"sleep_time\\\":\\\"1\\\",\\\"Positioning\\\":\\\"0\\\",\\\"title\\\":\\\"//label[text()=\\\\\\\"\u4ed3\u5e93\u8bbe\u7f6e\\\\\\\"]\\\",\\\"interest\\\":\\\"0\\\"},\\\"\u70b9\u51fb\u5f55\u5165\u65b9\u5f0f\\\":{\\\"path_name\\\":\\\"\u70b9\u51fb\u5f55\u5165\u65b9\u5f0f\\\",\\\"sleep_time\\\":\\\"1\\\",\\\"Positioning\\\":\\\"0\\\",\\\"title\\\":\\\"//label[text()=\\\\\\\"\u5f55\u5165\u65b9\u5f0f: \\\\\\\"]/../div/div[2]/div/div/div/span\\\",\\\"interest\\\":\\\"0\\\"},\\\"\u9009\u62e9\u5f15\u5bfc\u65b9\u5f0f\\\":{\\\"path_name\\\":\\\"\u9009\u62e9\u5f15\u5bfc\u65b9\u5f0f\\\",\\\"sleep_time\\\":\\\"1\\\",\\\"Positioning\\\":\\\"0\\\",\\\"title\\\":\\\"//li[text()=\\\\\\\"\u5f15\u5bfc\u65b9\u5f0f\\\\\\\"]\\\",\\\"interest\\\":\\\"0\\\"},\\\"\u8f93\u5165\u5730\u5740\\\":{\\\"path_name\\\":\\\"\u8f93\u5165\u5730\u5740\\\",\\\"sleep_time\\\":\\\"1\\\",\\\"Positioning\\\":\\\"0\\\",\\\"title\\\":\\\"//label[text()=\\\\\\\"\u670d\u52a1\u5668\u5730\u5740\\\\\\\"]/../div/div/input\\\",\\\"interest\\\":\\\"2\\\",\\\"data\\\":\\\"http://192.168.3.89\\\"},\\\"\u70b9\u51fb\u4ed3\u5e93\\\":{\\\"csrfmiddlewaretoken\\\":\\\"pAffaMYl33Q26VnGJYNy9TU1wc3y6yQMeckiz26yEEQKXc1iBtYhzg6IAGS0gkUp\\\",\\\"path_name\\\":\\\"\u70b9\u51fb\u4ed3\u5e93\\\",\\\"sleep_time\\\":\\\"3\\\",\\\"Positioning\\\":\\\"0\\\",\\\"title\\\":\\\"//label[text()=\\\\\\\"\u4ee3\u7801\u4ed3\u5e93\\\\\\\"]/../div/div/div/div/div/div\\\",\\\"interest\\\":\\\"0\\\"},\\\"\u9009\u62e9java_demo\\\":{\\\"csrfmiddlewaretoken\\\":\\\"pAffaMYl33Q26VnGJYNy9TU1wc3y6yQMeckiz26yEEQKXc1iBtYhzg6IAGS0gkUp\\\",\\\"path_name\\\":\\\"\u9009\u62e9java_demo\\\",\\\"sleep_time\\\":\\\"3\\\",\\\"Positioning\\\":\\\"0\\\",\\\"title\\\":\\\"//li[text()=\\\\\\\"java_demo\\\\\\\"]\\\",\\\"interest\\\":\\\"0\\\"},\\\"\u9009\u62e9\u4ee3\u7801\u539f\\\":{\\\"path_name\\\":\\\"\u9009\u62e9\u4ee3\u7801\u539f\\\",\\\"sleep_time\\\":\\\"1\\\",\\\"Positioning\\\":\\\"0\\\",\\\"title\\\":\\\"//label[text()=\\\\\\\"\u4ee3\u7801\u4ed3\u5e93\\\\\\\"]/../div/div/div[2]/div[2]/div/div/div/span\\\",\\\"interest\\\":\\\"0\\\"},\\\"\u9009\u62e9\u4ee3\u7801\u4ed3\u5e93\\\":{\\\"csrfmiddlewaretoken\\\":\\\"pAffaMYl33Q26VnGJYNy9TU1wc3y6yQMeckiz26yEEQKXc1iBtYhzg6IAGS0gkUp\\\",\\\"path_name\\\":\\\"\u9009\u62e9\u4ee3\u7801\u4ed3\u5e93\\\",\\\"sleep_time\\\":\\\"3\\\",\\\"Positioning\\\":\\\"0\\\",\\\"title\\\":\\\"//label[text()=\\\\\\\"\u4ee3\u7801\u4ed3\u5e93\\\\\\\"]/../div/div/div[2]/div[2]/div/div/div/span\\\",\\\"interest\\\":\\\"0\\\"},\\\"\u9009\u62e9master\\\":{\\\"path_name\\\":\\\"\u9009\u62e9master\\\",\\\"sleep_time\\\":\\\"1\\\",\\\"Positioning\\\":\\\"0\\\",\\\"title\\\":\\\"//li[text()=\\\\\\\"master\\\\\\\"]\\\",\\\"interest\\\":\\\"0\\\"},\\\"\u70b9\u51fb\u5e94\u7528\\\":{\\\"csrfmiddlewaretoken\\\":\\\"pAffaMYl33Q26VnGJYNy9TU1wc3y6yQMeckiz26yEEQKXc1iBtYhzg6IAGS0gkUp\\\",\\\"path_name\\\":\\\"\u70b9\u51fb\u5e94\u7528\\\",\\\"sleep_time\\\":\\\"1\\\",\\\"Positioning\\\":\\\"0\\\",\\\"title\\\":\\\"//span[text()=\\\\\\\"\u5e94\u7528\\\\\\\"]\\\",\\\"interest\\\":\\\"0\\\"}},\\\"5hw725_Sort\\\":[\\\"\u7b5b\u9009\u7ec4\u4ef6\\\",\\\"\u62d6\u52a8\u4ee3\u7801\u6e90\\\",\\\"\u70b9\u51fb\u7f16\u8f91\\\",\\\"\u5207\u6362\u51ed\u8bc1\u7c7b\u578b\\\",\\\"\u8f93\u5165\u8282\u70b9\u540d\u79f0\\\",\\\"\u70b9\u51fb\u4e0b\u62c9\\\",\\\"\u9009\u62e9\u51ed\u8bc1\\\",\\\"\u5207\u6362\u4ed3\u5e93\u8bbe\u7f6e\\\",\\\"\u70b9\u51fb\u5f55\u5165\u65b9\u5f0f\\\",\\\"\u9009\u62e9\u5f15\u5bfc\u65b9\u5f0f\\\",\\\"\u8f93\u5165\u5730\u5740\\\",\\\"\u70b9\u51fb\u4ed3\u5e93\\\",\\\"\u9009\u62e9java_demo\\\",\\\"\u9009\u62e9\u4ee3\u7801\u4ed3\u5e93\\\",\\\"\u9009\u62e9master\\\",\\\"\u70b9\u51fb\u5e94\u7528\\\"],\\\"5hw725_Workflow_name\\\":\\\"git\u8282\u70b9\\\",\\\"cnba4b\\\":{\\\"\u6784\u5efa\u8282\u70b9\\\":{\\\"csrfmiddlewaretoken\\\":\\\"064lLB6QCV7tqUdo6hJ1SDGt2QdD2goAUxycWgzDHACBVoWncvHHjKMJmF5KKIxh\\\",\\\"path_name\\\":\\\"\u6784\u5efa\u8282\u70b9\\\",\\\"sleep_time\\\":\\\"1\\\",\\\"Positioning\\\":\\\"0\\\",\\\"title\\\":\\\"[placeholder=\\\\\\\"\u641c\u7d22\u7ec4\u4ef6\u540d\\\\\\\"] > input\\\",\\\"interest\\\":\\\"2\\\",\\\"data\\\":\\\"\u6784\u5efa\\\"},\\\"\u62d6\u52a8\u8282\u70b9\\\":{\\\"csrfmiddlewaretoken\\\":\\\"064lLB6QCV7tqUdo6hJ1SDGt2QdD2goAUxycWgzDHACBVoWncvHHjKMJmF5KKIxh\\\",\\\"path_name\\\":\\\"\u62d6\u52a8\u8282\u70b9\\\",\\\"sleep_time\\\":\\\"1\\\",\\\"Positioning\\\":\\\"10\\\",\\\"Start_width\\\":\\\"291\\\",\\\"Start_height\\\":\\\"418\\\",\\\"end_width\\\":\\\"800\\\",\\\"end_height\\\":\\\"418\\\",\\\"winW\\\":1280,\\\"winH\\\":720},\\\"\u62d6\u52a8\u8fde\u7ebf\\\":{\\\"csrfmiddlewaretoken\\\":\\\"064lLB6QCV7tqUdo6hJ1SDGt2QdD2goAUxycWgzDHACBVoWncvHHjKMJmF5KKIxh\\\",\\\"path_name\\\":\\\"\u62d6\u52a8\u8fde\u7ebf\\\",\\\"sleep_time\\\":\\\"1\\\",\\\"Positioning\\\":\\\"10\\\",\\\"Start_width\\\":\\\"734\\\",\\\"Start_height\\\":\\\"471\\\",\\\"end_width\\\":\\\"785\\\",\\\"end_height\\\":\\\"471\\\",\\\"winW\\\":1280,\\\"winH\\\":720},\\\"\u70b9\u51fb\u7f16\u8f91\\\":{\\\"csrfmiddlewaretoken\\\":\\\"064lLB6QCV7tqUdo6hJ1SDGt2QdD2goAUxycWgzDHACBVoWncvHHjKMJmF5KKIxh\\\",\\\"path_name\\\":\\\"\u70b9\u51fb\u7f16\u8f91\\\",\\\"sleep_time\\\":\\\"1\\\",\\\"Positioning\\\":\\\"8\\\",\\\"js\\\":\\\"var elements = document.getElementsByClassName('btn');\\\\nelements[1].click()\\\\n\\\"},\\\"\u8f93\u5165\u8282\u70b9\u540d\u79f0\\\":{\\\"csrfmiddlewaretoken\\\":\\\"064lLB6QCV7tqUdo6hJ1SDGt2QdD2goAUxycWgzDHACBVoWncvHHjKMJmF5KKIxh\\\",\\\"path_name\\\":\\\"\u8f93\u5165\u8282\u70b9\u540d\u79f0\\\",\\\"sleep_time\\\":\\\"1\\\",\\\"Positioning\\\":\\\"0\\\",\\\"title\\\":\\\"//label[text()=\\\\\\\"\u8282\u70b9\u540d\u79f0\\\\\\\"]/following-sibling::div/div/input\\\",\\\"interest\\\":\\\"2\\\",\\\"data\\\":\\\"\u6784\u5efa\\\"},\\\"\u70b9\u51fb\u4ee3\u7801\u539f\\\":{\\\"csrfmiddlewaretoken\\\":\\\"064lLB6QCV7tqUdo6hJ1SDGt2QdD2goAUxycWgzDHACBVoWncvHHjKMJmF5KKIxh\\\",\\\"path_name\\\":\\\"\u70b9\u51fb\u4ee3\u7801\u539f\\\",\\\"sleep_time\\\":\\\"1\\\",\\\"Positioning\\\":\\\"0\\\",\\\"title\\\":\\\"//label[text()=\\\\\\\"\u4ee3\u7801\u6e90\\\\\\\"]/following-sibling::div/div/div\\\",\\\"interest\\\":\\\"0\\\"},\\\"\u9009\u62e9git\u8282\u70b9\\\":{\\\"path_name\\\":\\\"\u9009\u62e9git\u8282\u70b9\\\",\\\"sleep_time\\\":\\\"1\\\",\\\"Positioning\\\":\\\"0\\\",\\\"title\\\":\\\"//li[text()=\\\\\\\"git\\\\\\\"]\\\",\\\"interest\\\":\\\"0\\\"},\\\"\u70b9\u51fb\u6784\u5efa\u5de5\u5177\\\":{\\\"path_name\\\":\\\"\u70b9\u51fb\u6784\u5efa\u5de5\u5177\\\",\\\"sleep_time\\\":\\\"1\\\",\\\"Positioning\\\":\\\"0\\\",\\\"title\\\":\\\"//label[text()=\\\\\\\"\u6784\u5efa\u5de5\u5177\\\\\\\"]/following-sibling::div/div/div\\\",\\\"interest\\\":\\\"0\\\"},\\\"\u9009\u62e9Maven\\\":{\\\"path_name\\\":\\\"\u9009\u62e9Maven\\\",\\\"sleep_time\\\":\\\"1\\\",\\\"Positioning\\\":\\\"0\\\",\\\"title\\\":\\\"//li[text()=\\\\\\\"Maven\\\\\\\"]\\\",\\\"interest\\\":\\\"0\\\"},\\\"\u70b9\u51fb\u4e0b\u62c9\u9009\u62e9\u5de5\u5177\\\":{\\\"path_name\\\":\\\"\u70b9\u51fb\u4e0b\u62c9\u9009\u62e9\u5de5\u5177\\\",\\\"sleep_time\\\":\\\"1\\\",\\\"Positioning\\\":\\\"0\\\",\\\"title\\\":\\\"//label[text()=\\\\\\\"\u5de5\u5177\u7248\u672c\\\\\\\"]/following-sibling::div/div/div\\\",\\\"interest\\\":\\\"0\\\"},\\\"\u9009\u62e9\u5de5\u5177\u7248\u672c\\\":{\\\"path_name\\\":\\\"\u9009\u62e9\u5de5\u5177\u7248\u672c\\\",\\\"sleep_time\\\":\\\"1\\\",\\\"Positioning\\\":\\\"0\\\",\\\"title\\\":\\\"//li[text()=\\\\\\\"3.6-openjdk-8\\\\\\\"]\\\",\\\"interest\\\":\\\"0\\\"},\\\"\u8f93\u5165\u6587\u4ef6\u8def\u5f84\\\":{\\\"path_name\\\":\\\"\u8f93\u5165\u6587\u4ef6\u8def\u5f84\\\",\\\"sleep_time\\\":\\\"1\\\",\\\"Positioning\\\":\\\"0\\\",\\\"title\\\":\\\"//label[text()=\\\\\\\"Maven Pom\u6587\u4ef6\u8def\u5f84\\\\\\\"]/following-sibling::div/div/input\\\",\\\"interest\\\":\\\"2\\\",\\\"data\\\":\\\"./pom.xml\\\"},\\\"\u8f93\u5165\u6784\u5efa\u7269\u7248\u672c\\\":{\\\"path_name\\\":\\\"\u8f93\u5165\u6784\u5efa\u7269\u7248\u672c\\\",\\\"sleep_time\\\":\\\"1\\\",\\\"Positioning\\\":\\\"0\\\",\\\"title\\\":\\\"//label[text()=\\\\\\\"\u6784\u5efa\u7269\u7248\u672c\\\\\\\"]/following-sibling::div/div/input\\\",\\\"interest\\\":\\\"2\\\",\\\"data\\\":\\\"1.0.0\\\"},\\\"\u70b9\u51fb\u5e94\u7528\\\":{\\\"path_name\\\":\\\"\u70b9\u51fb\u5e94\u7528\\\",\\\"sleep_time\\\":\\\"1\\\",\\\"Positioning\\\":\\\"0\\\",\\\"title\\\":\\\"//span[text()=\\\\\\\"\u5e94\u7528\\\\\\\"]\\\",\\\"interest\\\":\\\"0\\\"},\\\"\u83b7\u53d6\u5750\u6807\\\":{\\\"csrfmiddlewaretoken\\\":\\\"064lLB6QCV7tqUdo6hJ1SDGt2QdD2goAUxycWgzDHACBVoWncvHHjKMJmF5KKIxh\\\",\\\"path_name\\\":\\\"\u83b7\u53d6\u5750\u6807\\\",\\\"sleep_time\\\":\\\"1\\\",\\\"Positioning\\\":\\\"0\\\",\\\"title\\\":\\\"//*[@id=\\\\\\\"workflowEditMain\\\\\\\"]/div[3]/div[1]/div/div[3]/div[2]\\\",\\\"interest\\\":\\\"9\\\"}},\\\"cnba4b_Sort\\\":[\\\"\u6784\u5efa\u8282\u70b9\\\",\\\"\u62d6\u52a8\u8282\u70b9\\\",\\\"\u83b7\u53d6\u5750\u6807\\\",\\\"\u62d6\u52a8\u8fde\u7ebf\\\",\\\"\u70b9\u51fb\u7f16\u8f91\\\",\\\"\u8f93\u5165\u8282\u70b9\u540d\u79f0\\\",\\\"\u70b9\u51fb\u4ee3\u7801\u539f\\\",\\\"\u9009\u62e9git\u8282\u70b9\\\",\\\"\u70b9\u51fb\u6784\u5efa\u5de5\u5177\\\",\\\"\u9009\u62e9Maven\\\",\\\"\u70b9\u51fb\u4e0b\u62c9\u9009\u62e9\u5de5\u5177\\\",\\\"\u9009\u62e9\u5de5\u5177\u7248\u672c\\\",\\\"\u8f93\u5165\u6587\u4ef6\u8def\u5f84\\\",\\\"\u8f93\u5165\u6784\u5efa\u7269\u7248\u672c\\\",\\\"\u70b9\u51fb\u5e94\u7528\\\"],\\\"cnba4b_Workflow_name\\\":\\\"\u6784\u5efa\\\",\\\"khkiy5\\\":{\\\"\u5236\u54c1\u4e0a\u4f20\\\":{\\\"csrfmiddlewaretoken\\\":\\\"HeiAdxXS4QYTmb8Gx1WjNtNa4iRzPy9TReHXGCkw1v0tttp6yF3vSYxga8K3kgtx\\\",\\\"path_name\\\":\\\"\u5236\u54c1\u4e0a\u4f20\\\",\\\"sleep_time\\\":\\\"1\\\",\\\"Positioning\\\":\\\"10\\\",\\\"Start_width\\\":\\\"1800\\\",\\\"Start_height\\\":\\\"860\\\",\\\"end_width\\\":\\\"1800\\\",\\\"end_height\\\":\\\"700\\\",\\\"winW\\\":1280,\\\"winH\\\":720},\\\"\u5411\u4e0a\u62d6\u52a8\u753b\u5e03\\\":{\\\"csrfmiddlewaretoken\\\":\\\"lzTOdolLAdj7au4vuN15YGgh2qmNI3wChBOOxTUJkaBrXSnWUhy4m6EY4Z3nlH2c\\\",\\\"path_name\\\":\\\"\u5411\u4e0a\u62d6\u52a8\u753b\u5e03\\\",\\\"sleep_time\\\":\\\"1\\\",\\\"Positioning\\\":\\\"10\\\",\\\"Start_width\\\":\\\"1100\\\",\\\"Start_height\\\":\\\"520\\\",\\\"end_width\\\":\\\"1100\\\",\\\"end_height\\\":\\\"420\\\",\\\"winW\\\":1280,\\\"winH\\\":720},\\\"\u7b5b\u9009\u5236\u54c1\u7ba1\u7406\\\":{\\\"csrfmiddlewaretoken\\\":\\\"PEH59PfxSkEiQyysCj2upBdL7C5iHDZojSvKRn02wotnnVTIzqpBPuwqHyuUZHhR\\\",\\\"path_name\\\":\\\"\u7b5b\u9009\u5236\u54c1\u7ba1\u7406\\\",\\\"sleep_time\\\":\\\"1\\\",\\\"Positioning\\\":\\\"0\\\",\\\"title\\\":\\\"[placeholder=\\\\\\\"\u641c\u7d22\u7ec4\u4ef6\u540d\\\\\\\"] > input\\\",\\\"interest\\\":\\\"2\\\",\\\"data\\\":\\\"\u5236\u54c1\u7ba1\u7406\\\"},\\\"\u62d6\u52a8\u5230\u6307\u5b9a\u4f4d\u7f6e\\\":{\\\"csrfmiddlewaretoken\\\":\\\"PEH59PfxSkEiQyysCj2upBdL7C5iHDZojSvKRn02wotnnVTIzqpBPuwqHyuUZHhR\\\",\\\"path_name\\\":\\\"\u62d6\u52a8\u5230\u6307\u5b9a\u4f4d\u7f6e\\\",\\\"sleep_time\\\":\\\"1\\\",\\\"Positioning\\\":\\\"10\\\",\\\"Start_width\\\":\\\"219\\\",\\\"Start_height\\\":\\\"418\\\",\\\"end_width\\\":\\\"500\\\",\\\"end_height\\\":\\\"418\\\",\\\"winW\\\":1280,\\\"winH\\\":720},\\\"\u62d6\u52a8\u8fde\u7ebf\\\":{\\\"csrfmiddlewaretoken\\\":\\\"H1iyxmZKzvdkq6PvKvqw2AbDS9AeS0382tctxPh0UbFU5JnlBR4huRg8IBhuj4Vc\\\",\\\"path_name\\\":\\\"\u62d6\u52a8\u8fde\u7ebf\\\",\\\"sleep_time\\\":\\\"1\\\",\\\"Positioning\\\":\\\"10\\\",\\\"Start_width\\\":\\\"1034\\\",\\\"Start_height\\\":\\\"371\\\",\\\"end_width\\\":\\\"495\\\",\\\"end_height\\\":\\\"473\\\",\\\"winW\\\":1280,\\\"winH\\\":720},\\\"\u70b9\u51fb\u7f16\u8f91\u5236\u54c1\u4e0a\u4f20\\\":{\\\"csrfmiddlewaretoken\\\":\\\"QJy90DGeO4dl9uZKDlp8eNgOKpgufQ8PB92cmabKtHiiZM0xAJWGUZ2iaLYarHRf\\\",\\\"path_name\\\":\\\"\u70b9\u51fb\u7f16\u8f91\u5236\u54c1\u4e0a\u4f20\\\",\\\"sleep_time\\\":\\\"1\\\",\\\"Positioning\\\":\\\"0\\\",\\\"title\\\":\\\"/html/body/div[1]/div/main/div[2]/div[2]/main/div[3]/div[1]/div/div[3]/div[8]/div/div/h4/div[3]/div\\\",\\\"interest\\\":\\\"0\\\"},\\\"\u8f93\u5165\u5236\u54c1\u7ba1\u7406\\\":{\\\"path_name\\\":\\\"\u8f93\u5165\u5236\u54c1\u7ba1\u7406\\\",\\\"sleep_time\\\":\\\"1\\\",\\\"Positioning\\\":\\\"0\\\",\\\"title\\\":\\\"//label[text()=\\\\\\\"\u8282\u70b9\u540d\u79f0\\\\\\\"]/following-sibling::div/div/input\\\",\\\"interest\\\":\\\"2\\\",\\\"data\\\":\\\"\u5236\u54c1\u7ba1\u7406\\\"},\\\"\u70b9\u51fb\u4e0b\u62c9\u52a8\u4f5c\\\":{\\\"csrfmiddlewaretoken\\\":\\\"izgUZWkzcUXHNCZJ4b1gsBZhqCaWkrLvvQ8aMblqQinLyc4UuEkerNDeWaw2pOZc\\\",\\\"path_name\\\":\\\"\u70b9\u51fb\u4e0b\u62c9\u52a8\u4f5c\\\",\\\"sleep_time\\\":\\\"1\\\",\\\"Positioning\\\":\\\"0\\\",\\\"title\\\":\\\"//label[text()=\\\\\\\"\u4ea4\u4ed8\u7269\u7ba1\u7406\u52a8\u4f5c\\\\\\\"]/following-sibling::div/div/div/div/span\\\",\\\"interest\\\":\\\"0\\\"},\\\"\u70b9\u51fb\u56de\u6eda\\\":{\\\"csrfmiddlewaretoken\\\":\\\"ofh06JxZ8TVqFtVWB0DUTqVyJIqEJfezEVelW8zDqRB5XoPrAV9S3Kya7oj9xWNV\\\",\\\"path_name\\\":\\\"\u70b9\u51fb\u56de\u6eda\\\",\\\"sleep_time\\\":\\\"1\\\",\\\"Positioning\\\":\\\"0\\\",\\\"title\\\":\\\"//li[text()=\\\\\\\"\u56de\u6eda\\\\\\\"]\\\",\\\"interest\\\":\\\"0\\\"},\\\"\u9009\u62e9Nexus\\\":{\\\"path_name\\\":\\\"\u9009\u62e9Nexus\\\",\\\"sleep_time\\\":\\\"1\\\",\\\"Positioning\\\":\\\"0\\\",\\\"title\\\":\\\"//label[text()=\\\\\\\"Nexus \u7248\u672c\\\\\\\"]/following-sibling::div/div/div\\\",\\\"interest\\\":\\\"0\\\"},\\\"\u9009\u62e9Nexus3\\\":{\\\"path_name\\\":\\\"\u9009\u62e9Nexus3\\\",\\\"sleep_time\\\":\\\"1\\\",\\\"Positioning\\\":\\\"0\\\",\\\"title\\\":\\\"//li[text()=\\\\\\\"Nexus3\\\\\\\"]\\\",\\\"interest\\\":\\\"0\\\"},\\\"\u70b9\u51fbNexus\\\":{\\\"csrfmiddlewaretoken\\\":\\\"9bngt8yL3wsihsdT4cNz7EJRKvG2aMBozZsW7GgoSO7FVrnAflkP2kUOcGAD6bIA\\\",\\\"path_name\\\":\\\"\u70b9\u51fbNexus\\\",\\\"sleep_time\\\":\\\"2\\\",\\\"Positioning\\\":\\\"0\\\",\\\"title\\\":\\\"//label[text()=\\\\\\\"Nexus \u7248\u672c\\\\\\\"]/following-sibling::div/div/div\\\",\\\"interest\\\":\\\"0\\\"},\\\"\u8f93\u5165\u5730\u5740\\\":{\\\"path_name\\\":\\\"\u8f93\u5165\u5730\u5740\\\",\\\"sleep_time\\\":\\\"1\\\",\\\"Positioning\\\":\\\"0\\\",\\\"title\\\":\\\"//label[text()=\\\\\\\"Nexus Server URL\\\\\\\"]/following-sibling::div/div/input\\\",\\\"interest\\\":\\\"2\\\",\\\"data\\\":\\\"http://192.168.3.89:8081\\\"},\\\"\u70b9\u51fb\u4e0b\u62c9\u51ed\u8bc1\\\":{\\\"csrfmiddlewaretoken\\\":\\\"tcIYbajc6VOBYjAVLRnGmaw64SxJlJTJuvjF7Q0WX8cdh6Fnn3bPIPFnFdIm8GXI\\\",\\\"path_name\\\":\\\"\u70b9\u51fb\u4e0b\u62c9\u51ed\u8bc1\\\",\\\"sleep_time\\\":\\\"2\\\",\\\"Positioning\\\":\\\"0\\\",\\\"title\\\":\\\"//label[text()=\\\\\\\"\u51ed\u8bc1\\\\\\\"]/../div/div/div/div/input\\\",\\\"interest\\\":\\\"0\\\"},\\\"\u9009\u62e9nexus\\\":{\\\"csrfmiddlewaretoken\\\":\\\"tcIYbajc6VOBYjAVLRnGmaw64SxJlJTJuvjF7Q0WX8cdh6Fnn3bPIPFnFdIm8GXI\\\",\\\"path_name\\\":\\\"\u9009\u62e9nexus\\\",\\\"sleep_time\\\":\\\"2\\\",\\\"Positioning\\\":\\\"0\\\",\\\"title\\\":\\\"//li[text()=\\\\\\\"nexus\\\\\\\"]\\\",\\\"interest\\\":\\\"0\\\"},\\\"\u70b9\u51fb\u4ed3\u5e93\u4e0b\u62c9\\\":{\\\"csrfmiddlewaretoken\\\":\\\"tcIYbajc6VOBYjAVLRnGmaw64SxJlJTJuvjF7Q0WX8cdh6Fnn3bPIPFnFdIm8GXI\\\",\\\"path_name\\\":\\\"\u70b9\u51fb\u4ed3\u5e93\u4e0b\u62c9\\\",\\\"sleep_time\\\":\\\"2\\\",\\\"Positioning\\\":\\\"0\\\",\\\"title\\\":\\\"//label[text()=\\\\\\\"\u4ed3\u5e93\u540d\\\\\\\"]/following-sibling::div/div/div\\\",\\\"interest\\\":\\\"0\\\"},\\\"\u9009\u62e9\u4ed3\u5e93\\\":{\\\"csrfmiddlewaretoken\\\":\\\"tcIYbajc6VOBYjAVLRnGmaw64SxJlJTJuvjF7Q0WX8cdh6Fnn3bPIPFnFdIm8GXI\\\",\\\"path_name\\\":\\\"\u9009\u62e9\u4ed3\u5e93\\\",\\\"sleep_time\\\":\\\"2\\\",\\\"Positioning\\\":\\\"0\\\",\\\"title\\\":\\\"//li[text()=\\\\\\\"dpa-test\\\\\\\"]\\\",\\\"interest\\\":\\\"0\\\"},\\\"\u4ed3\u5e93\u8def\u5f84\\\":{\\\"csrfmiddlewaretoken\\\":\\\"tcIYbajc6VOBYjAVLRnGmaw64SxJlJTJuvjF7Q0WX8cdh6Fnn3bPIPFnFdIm8GXI\\\",\\\"path_name\\\":\\\"\u4ed3\u5e93\u8def\u5f84\\\",\\\"sleep_time\\\":\\\"1\\\",\\\"Positioning\\\":\\\"0\\\",\\\"title\\\":\\\"//label[text()=\\\\\\\"\u4ed3\u5e93\u8def\u5f84\\\\\\\"]/following-sibling::div/div[2]/div/div/span\\\",\\\"interest\\\":\\\"0\\\"},\\\"\u9009\u62e9\u8def\u5f84\\\":{\\\"csrfmiddlewaretoken\\\":\\\"tcIYbajc6VOBYjAVLRnGmaw64SxJlJTJuvjF7Q0WX8cdh6Fnn3bPIPFnFdIm8GXI\\\",\\\"path_name\\\":\\\"\u9009\u62e9\u8def\u5f84\\\",\\\"sleep_time\\\":\\\"2\\\",\\\"Positioning\\\":\\\"0\\\",\\\"title\\\":\\\"//li[text()=\\\\\\\"test\\\\\\\"]\\\",\\\"interest\\\":\\\"0\\\"},\\\"\u9009\u62e9\u5236\u54c1\u540d\u79f0\\\":{\\\"csrfmiddlewaretoken\\\":\\\"tcIYbajc6VOBYjAVLRnGmaw64SxJlJTJuvjF7Q0WX8cdh6Fnn3bPIPFnFdIm8GXI\\\",\\\"path_name\\\":\\\"\u9009\u62e9\u5236\u54c1\u540d\u79f0\\\",\\\"sleep_time\\\":\\\"2\\\",\\\"Positioning\\\":\\\"0\\\",\\\"title\\\":\\\"//label[text()=\\\\\\\"\u5236\u54c1\u540d\u79f0\\\\\\\"]/following-sibling::div/div/div\\\",\\\"interest\\\":\\\"0\\\"},\\\"\u9009\u62e9\u540d\u79f0\\\":{\\\"csrfmiddlewaretoken\\\":\\\"tcIYbajc6VOBYjAVLRnGmaw64SxJlJTJuvjF7Q0WX8cdh6Fnn3bPIPFnFdIm8GXI\\\",\\\"path_name\\\":\\\"\u9009\u62e9\u540d\u79f0\\\",\\\"sleep_time\\\":\\\"2\\\",\\\"Positioning\\\":\\\"0\\\",\\\"title\\\":\\\"//li[text()=\\\\\\\"test_name\\\\\\\"]\\\",\\\"interest\\\":\\\"0\\\"},\\\"\u5236\u54c1\u7248\u672c\\\":{\\\"csrfmiddlewaretoken\\\":\\\"tcIYbajc6VOBYjAVLRnGmaw64SxJlJTJuvjF7Q0WX8cdh6Fnn3bPIPFnFdIm8GXI\\\",\\\"path_name\\\":\\\"\u5236\u54c1\u7248\u672c\\\",\\\"sleep_time\\\":\\\"2\\\",\\\"Positioning\\\":\\\"0\\\",\\\"title\\\":\\\"//label[text()=\\\\\\\"\u5236\u54c1\u7248\u672c\\\\\\\"]/following-sibling::div/div/div\\\",\\\"interest\\\":\\\"0\\\"},\\\"\u9009\u62e9\u7248\u672c\\\":{\\\"path_name\\\":\\\"\u9009\u62e9\u7248\u672c\\\",\\\"sleep_time\\\":\\\"1\\\",\\\"Positioning\\\":\\\"0\\\",\\\"title\\\":\\\"//label[text()=\\\\\\\"\u5236\u54c1\u7248\u672c\\\\\\\"]/../div/div[2]/input\\\",\\\"interest\\\":\\\"2\\\",\\\"data\\\":\\\"v-1.1.3\\\"},\\\"\u70b9\u51fb\u5e94\u7528\\\":{\\\"path_name\\\":\\\"\u70b9\u51fb\u5e94\u7528\\\",\\\"sleep_time\\\":\\\"1\\\",\\\"Positioning\\\":\\\"0\\\",\\\"title\\\":\\\"//span[text()=\\\\\\\"\u5e94\u7528\\\\\\\"]\\\",\\\"interest\\\":\\\"0\\\"},\\\"\u83b7\u53d6\u8282\u70b9\u7684\u4f4d\u7f6e\u5750\u6807\\\":{\\\"csrfmiddlewaretoken\\\":\\\"Ozg5Gh6uKG82KEjhqMk3yLeLEGLqCSrouCqZL3VRRzJKdojc1Ber3I8uOA1ohoSU\\\",\\\"path_name\\\":\\\"\u83b7\u53d6\u8282\u70b9\u7684\u4f4d\u7f6e\u5750\u6807\\\",\\\"sleep_time\\\":\\\"1\\\",\\\"Positioning\\\":\\\"8\\\",\\\"js\\\":\\\"var elements = document.getElementsByClassName('btn');\\\\r\\\\nelements[3].click()\\\\r\\\\n\\\"},\\\"\u7b49\u5f85\u4e00\u6bb5\u65f6\u95f4\\\":{\\\"path_name\\\":\\\"\u7b49\u5f85\u4e00\u6bb5\u65f6\u95f4\\\",\\\"sleep_time\\\":\\\"1\\\",\\\"Positioning\\\":\\\"11\\\",\\\"py\\\":\\\"time.sleep(100)\\\"},\\\"js\u70b9\u51fb\u5236\u54c1\u4e0a\u4f20\\\":{\\\"csrfmiddlewaretoken\\\":\\\"9bngt8yL3wsihsdT4cNz7EJRKvG2aMBozZsW7GgoSO7FVrnAflkP2kUOcGAD6bIA\\\",\\\"path_name\\\":\\\"js\u70b9\u51fb\u5236\u54c1\u4e0a\u4f20\\\",\\\"sleep_time\\\":\\\"1\\\",\\\"Positioning\\\":\\\"8\\\",\\\"js\\\":\\\"//\u5e94\u8be5\u7ed9\u4e2a\u7b49\u5f85\\\\r\\\\nvar elements = document.getElementsByClassName('btn');\\\\r\\\\nelements[2].click()\\\"},\\\"\u70b9\u51fb\u5b58\u50a8\\\":{\\\"csrfmiddlewaretoken\\\":\\\"ofh06JxZ8TVqFtVWB0DUTqVyJIqEJfezEVelW8zDqRB5XoPrAV9S3Kya7oj9xWNV\\\",\\\"path_name\\\":\\\"\u70b9\u51fb\u5b58\u50a8\\\",\\\"sleep_time\\\":\\\"1\\\",\\\"Positioning\\\":\\\"0\\\",\\\"title\\\":\\\"//li[text()=\\\\\\\"\u5b58\u50a8\\\\\\\"]\\\",\\\"interest\\\":\\\"0\\\"},\\\"\u70b9\u51fb\u4ee3\u7801\u6e90\\\":{\\\"csrfmiddlewaretoken\\\":\\\"9bngt8yL3wsihsdT4cNz7EJRKvG2aMBozZsW7GgoSO7FVrnAflkP2kUOcGAD6bIA\\\",\\\"path_name\\\":\\\"\u70b9\u51fb\u4ee3\u7801\u6e90\\\",\\\"sleep_time\\\":\\\"2\\\",\\\"Positioning\\\":\\\"0\\\",\\\"title\\\":\\\"//label[text()=\\\\\\\"\u4ee3\u7801\u6e90\\\\\\\"]/following-sibling::div/div/div\\\",\\\"interest\\\":\\\"0\\\"},\\\"\u9009\u62e9\u4ee3\u7801\u6e90\\\":{\\\"csrfmiddlewaretoken\\\":\\\"9bngt8yL3wsihsdT4cNz7EJRKvG2aMBozZsW7GgoSO7FVrnAflkP2kUOcGAD6bIA\\\",\\\"path_name\\\":\\\"\u9009\u62e9\u4ee3\u7801\u6e90\\\",\\\"sleep_time\\\":\\\"1\\\",\\\"Positioning\\\":\\\"0\\\",\\\"title\\\":\\\"//li[text()=\\\\\\\"\u6784\u5efa\\\\\\\"]\\\",\\\"interest\\\":\\\"0\\\"},\\\"\u70b9\u51fbnexus\\\":{\\\"path_name\\\":\\\"\u70b9\u51fbnexus\\\",\\\"sleep_time\\\":\\\"1\\\",\\\"Positioning\\\":\\\"0\\\",\\\"title\\\":\\\"//label[text()=\\\\\\\"Nexus \u7248\u672c\\\\\\\"]/following-sibling::div/div/div\\\",\\\"interest\\\":\\\"0\\\"},\\\"\u8f93\u5165\u4ed3\u5e93\u8def\u5f84\\\":{\\\"path_name\\\":\\\"\u8f93\u5165\u4ed3\u5e93\u8def\u5f84\\\",\\\"sleep_time\\\":\\\"1\\\",\\\"Positioning\\\":\\\"0\\\",\\\"title\\\":\\\"//label[text()=\\\\\\\"\u4ed3\u5e93\u8def\u5f84\\\\\\\"]/../div/div[2]/input\\\",\\\"interest\\\":\\\"2\\\",\\\"data\\\":\\\"test\\\"},\\\"\u8f93\u5165\u5236\u54c1\u540d\u79f0\\\":{\\\"path_name\\\":\\\"\u8f93\u5165\u5236\u54c1\u540d\u79f0\\\",\\\"sleep_time\\\":\\\"1\\\",\\\"Positioning\\\":\\\"0\\\",\\\"title\\\":\\\"//label[text()=\\\\\\\"\u5236\u54c1\u540d\u79f0\\\\\\\"]/../div/div[2]/input\\\",\\\"interest\\\":\\\"2\\\",\\\"data\\\":\\\"test_name\\\"},\\\"\u8f93\u5165\u5236\u54c1\u7248\u672c\\\":{\\\"path_name\\\":\\\"\u8f93\u5165\u5236\u54c1\u7248\u672c\\\",\\\"sleep_time\\\":\\\"1\\\",\\\"Positioning\\\":\\\"0\\\",\\\"title\\\":\\\"//label[text()=\\\\\\\"\u5236\u54c1\u7248\u672c\\\\\\\"]/../div/div[2]/input\\\",\\\"interest\\\":\\\"2\\\",\\\"data\\\":\\\"v-1.1.3\\\"},\\\"\u83b7\u53d6\u4f4d\u7f6e\u5440\\\":{\\\"csrfmiddlewaretoken\\\":\\\"H1iyxmZKzvdkq6PvKvqw2AbDS9AeS0382tctxPh0UbFU5JnlBR4huRg8IBhuj4Vc\\\",\\\"path_name\\\":\\\"\u83b7\u53d6\u4f4d\u7f6e\u5440\\\",\\\"sleep_time\\\":\\\"1\\\",\\\"Positioning\\\":\\\"0\\\",\\\"title\\\":\\\"//*[@id=\\\\\\\"workflowEditMain\\\\\\\"]/div[3]/div[1]/div/div[3]/div[5]\\\",\\\"interest\\\":\\\"9\\\"},\\\"\u7b49\u5f85\u4e00\u4e0b\u554a\\\":{\\\"csrfmiddlewaretoken\\\":\\\"H1iyxmZKzvdkq6PvKvqw2AbDS9AeS0382tctxPh0UbFU5JnlBR4huRg8IBhuj4Vc\\\",\\\"path_name\\\":\\\"\u7b49\u5f85\u4e00\u4e0b\u554a\\\",\\\"sleep_time\\\":\\\"1\\\",\\\"Positioning\\\":\\\"0\\\",\\\"title\\\":\\\"[placeholder=\\\\\\\"\u641c\u7d22\u7ec4\u4ef6\u540d\\\\\\\"] > input\\\",\\\"interest\\\":\\\"0\\\"},\\\"\u83b7\u53d6\u4f4d\u7f6e\u5440\u5440\u5440\\\":{\\\"csrfmiddlewaretoken\\\":\\\"H1iyxmZKzvdkq6PvKvqw2AbDS9AeS0382tctxPh0UbFU5JnlBR4huRg8IBhuj4Vc\\\",\\\"path_name\\\":\\\"\u83b7\u53d6\u4f4d\u7f6e\u5440\u5440\u5440\\\",\\\"sleep_time\\\":\\\"1\\\",\\\"Positioning\\\":\\\"0\\\",\\\"title\\\":\\\"//*[@id=\\\\\\\"workflowEditMain\\\\\\\"]/div[3]/div[1]/div/div[3]/div[10]\\\",\\\"interest\\\":\\\"9\\\"}},\\\"khkiy5_Sort\\\":[\\\"\u5411\u4e0a\u62d6\u52a8\u753b\u5e03\\\",\\\"\u7b5b\u9009\u5236\u54c1\u7ba1\u7406\\\",\\\"\u62d6\u52a8\u5230\u6307\u5b9a\u4f4d\u7f6e\\\",\\\"\u83b7\u53d6\u4f4d\u7f6e\u5440\\\",\\\"\u83b7\u53d6\u4f4d\u7f6e\u5440\u5440\u5440\\\",\\\"\u7b49\u5f85\u4e00\u4e0b\u554a\\\",\\\"\u62d6\u52a8\u8fde\u7ebf\\\",\\\"js\u70b9\u51fb\u5236\u54c1\u4e0a\u4f20\\\",\\\"\u8f93\u5165\u5236\u54c1\u7ba1\u7406\\\",\\\"\u70b9\u51fb\u4e0b\u62c9\u52a8\u4f5c\\\",\\\"\u70b9\u51fb\u5b58\u50a8\\\",\\\"\u70b9\u51fb\u4ee3\u7801\u6e90\\\",\\\"\u9009\u62e9\u4ee3\u7801\u6e90\\\",\\\"\u70b9\u51fbnexus\\\",\\\"\u9009\u62e9Nexus3\\\",\\\"\u8f93\u5165\u5730\u5740\\\",\\\"\u70b9\u51fb\u4e0b\u62c9\u51ed\u8bc1\\\",\\\"\u9009\u62e9nexus\\\",\\\"\u70b9\u51fb\u4ed3\u5e93\u4e0b\u62c9\\\",\\\"\u9009\u62e9\u4ed3\u5e93\\\",\\\"\u8f93\u5165\u4ed3\u5e93\u8def\u5f84\\\",\\\"\u8f93\u5165\u5236\u54c1\u540d\u79f0\\\",\\\"\u8f93\u5165\u5236\u54c1\u7248\u672c\\\",\\\"\u70b9\u51fb\u5e94\u7528\\\"],\\\"khkiy5_Workflow_name\\\":\\\"\u5236\u54c1\u4e0a\u4f20\\\",\\\"c6ujx9\\\":{\\\"\u7b5b\u9009\u7ec4\u4ef6\\\":{\\\"csrfmiddlewaretoken\\\":\\\"YTTBj2u7JGvR8fu7KJdRn5nJ4KtetufHIeUZ4X3NNNsnlMuy8FNEKgA9W0sWwIRG\\\",\\\"path_name\\\":\\\"\u7b5b\u9009\u7ec4\u4ef6\\\",\\\"sleep_time\\\":\\\"1\\\",\\\"Positioning\\\":\\\"0\\\",\\\"title\\\":\\\"[placeholder=\\\\\\\"\u641c\u7d22\u7ec4\u4ef6\u540d\\\\\\\"] > input\\\",\\\"interest\\\":\\\"2\\\",\\\"data\\\":\\\"OS\u90e8\u7f72\\\"},\\\"\u62d6\u52a8os\u90e8\u7f72\\\":{\\\"csrfmiddlewaretoken\\\":\\\"OxPyOXLNvWLtL8EvA4YyLs1aaVu3hkvuSkmcWJoRGoVthuF2h78hOEgTAENplb9a\\\",\\\"path_name\\\":\\\"\u62d6\u52a8os\u90e8\u7f72\\\",\\\"sleep_time\\\":\\\"1\\\",\\\"Positioning\\\":\\\"10\\\",\\\"Start_width\\\":\\\"291\\\",\\\"Start_height\\\":\\\"418\\\",\\\"end_width\\\":\\\"800\\\",\\\"end_height\\\":\\\"418\\\",\\\"winW\\\":1280,\\\"winH\\\":720},\\\"\u62d6\u52a8\u8fde\u7ebf\\\":{\\\"csrfmiddlewaretoken\\\":\\\"OykEAbLb8izeOu2SjSuCGonhsFRQs9HAPR7Nr7sNVtakVLS1b3UnP7M3hZE5zeIP\\\",\\\"path_name\\\":\\\"\u62d6\u52a8\u8fde\u7ebf\\\",\\\"sleep_time\\\":\\\"1\\\",\\\"Positioning\\\":\\\"10\\\",\\\"Start_width\\\":\\\"734\\\",\\\"Start_height\\\":\\\"472\\\",\\\"end_width\\\":\\\"795\\\",\\\"end_height\\\":\\\"473\\\",\\\"winW\\\":1280,\\\"winH\\\":720},\\\"\u70b9\u51fb\u7f16\u8f91\\\":{\\\"csrfmiddlewaretoken\\\":\\\"OykEAbLb8izeOu2SjSuCGonhsFRQs9HAPR7Nr7sNVtakVLS1b3UnP7M3hZE5zeIP\\\",\\\"path_name\\\":\\\"\u70b9\u51fb\u7f16\u8f91\\\",\\\"sleep_time\\\":\\\"1\\\",\\\"Positioning\\\":\\\"8\\\",\\\"js\\\":\\\"//\u5e94\u8be5\u7ed9\u4e2a\u7b49\u5f85\\\\r\\\\nvar elements = document.getElementsByClassName('btn');\\\\r\\\\nelements[3].click()\\\"},\\\"\u8f93\u5165\u8282\u70b9\u540d\u79f0\\\":{\\\"csrfmiddlewaretoken\\\":\\\"rCyGFKurVSF2fSzaoSaysmqs0fGv3ay8KHswIev2V1LtWf7s9PSNsgGhi7ckawT1\\\",\\\"path_name\\\":\\\"\u8f93\u5165\u8282\u70b9\u540d\u79f0\\\",\\\"sleep_time\\\":\\\"1\\\",\\\"Positioning\\\":\\\"0\\\",\\\"title\\\":\\\"//label[text()=\\\\\\\"\u8282\u70b9\u540d\u79f0\\\\\\\"]/following-sibling::div/div/input\\\",\\\"interest\\\":\\\"2\\\",\\\"data\\\":\\\"os\u90e8\u7f72\\\"},\\\"\u70b9\u51fb\u4e0b\u62c9\\\":{\\\"csrfmiddlewaretoken\\\":\\\"OykEAbLb8izeOu2SjSuCGonhsFRQs9HAPR7Nr7sNVtakVLS1b3UnP7M3hZE5zeIP\\\",\\\"path_name\\\":\\\"\u70b9\u51fb\u4e0b\u62c9\\\",\\\"sleep_time\\\":\\\"2\\\",\\\"Positioning\\\":\\\"0\\\",\\\"title\\\":\\\"//label[text()=\\\\\\\"\u90e8\u7f72\u6e90\\\\\\\"]/following-sibling::div/div/div\\\",\\\"interest\\\":\\\"0\\\"},\\\"\u9009\u62e9\u90e8\u7f72\u6e90\\\":{\\\"csrfmiddlewaretoken\\\":\\\"OykEAbLb8izeOu2SjSuCGonhsFRQs9HAPR7Nr7sNVtakVLS1b3UnP7M3hZE5zeIP\\\",\\\"path_name\\\":\\\"\u9009\u62e9\u90e8\u7f72\u6e90\\\",\\\"sleep_time\\\":\\\"2\\\",\\\"Positioning\\\":\\\"0\\\",\\\"title\\\":\\\"//li[text()=\\\\\\\"\u5236\u54c1\u7ba1\u7406\\\\\\\"]\\\",\\\"interest\\\":\\\"0\\\"},\\\"\u8f93\u5165\u90e8\u7f72\u8def\u5f84\\\":{\\\"path_name\\\":\\\"\u8f93\u5165\u90e8\u7f72\u8def\u5f84\\\",\\\"sleep_time\\\":\\\"1\\\",\\\"Positioning\\\":\\\"0\\\",\\\"title\\\":\\\"//label[text()=\\\\\\\"\u90e8\u7f72\u8def\u5f84\\\\\\\"]/following-sibling::div/div/input\\\",\\\"interest\\\":\\\"2\\\",\\\"data\\\":\\\"/opt/test\\\"},\\\"\u70b9\u51fb\u4e0b\u4e00\u6b65\\\":{\\\"csrfmiddlewaretoken\\\":\\\"OykEAbLb8izeOu2SjSuCGonhsFRQs9HAPR7Nr7sNVtakVLS1b3UnP7M3hZE5zeIP\\\",\\\"path_name\\\":\\\"\u70b9\u51fb\u4e0b\u4e00\u6b65\\\",\\\"sleep_time\\\":\\\"1\\\",\\\"Positioning\\\":\\\"0\\\",\\\"title\\\":\\\"//span[text()=\\\\\\\"\u4e0b\u4e00\u6b65\\\\\\\"]\\\",\\\"interest\\\":\\\"0\\\"},\\\"\u9009\u62e9\u6267\u884c\u76ee\u6807\\\":{\\\"csrfmiddlewaretoken\\\":\\\"OykEAbLb8izeOu2SjSuCGonhsFRQs9HAPR7Nr7sNVtakVLS1b3UnP7M3hZE5zeIP\\\",\\\"path_name\\\":\\\"\u9009\u62e9\u6267\u884c\u76ee\u6807\\\",\\\"sleep_time\\\":\\\"1\\\",\\\"Positioning\\\":\\\"8\\\",\\\"js\\\":\\\"var val=document.getElementsByClassName('ivu-checkbox-input')\\\\nconsole.log(val,'val')\\\\nval[1].click()\\\"},\\\"\u70b9\u51fb\u5e94\u7528\\\":{\\\"path_name\\\":\\\"\u70b9\u51fb\u5e94\u7528\\\",\\\"sleep_time\\\":\\\"1\\\",\\\"Positioning\\\":\\\"0\\\",\\\"title\\\":\\\"//span[text()=\\\\\\\"\u5e94\u7528\\\\\\\"]\\\",\\\"interest\\\":\\\"0\\\"},\\\"\u70b9\u51fb\u4e0b\u62c9\u6267\u884c\u8282\u70b9\\\":{\\\"path_name\\\":\\\"\u70b9\u51fb\u4e0b\u62c9\u6267\u884c\u8282\u70b9\\\",\\\"sleep_time\\\":\\\"1\\\",\\\"Positioning\\\":\\\"0\\\",\\\"title\\\":\\\"//div/div/span[text()=\\\\\\\"\u96c6\u7fa4\\\\\\\"]\\\",\\\"interest\\\":\\\"0\\\"},\\\"\u70b9\u51fb\u9009\u62e9ip\\\":{\\\"csrfmiddlewaretoken\\\":\\\"OykEAbLb8izeOu2SjSuCGonhsFRQs9HAPR7Nr7sNVtakVLS1b3UnP7M3hZE5zeIP\\\",\\\"path_name\\\":\\\"\u70b9\u51fb\u9009\u62e9ip\\\",\\\"sleep_time\\\":\\\"2\\\",\\\"Positioning\\\":\\\"0\\\",\\\"title\\\":\\\"//li[text()=\\\\\\\"IP\\\\\\\"]\\\",\\\"interest\\\":\\\"0\\\"},\\\"\u8f93\u5165\u7b5b\u9009\u6761\u4ef6\\\":{\\\"csrfmiddlewaretoken\\\":\\\"OykEAbLb8izeOu2SjSuCGonhsFRQs9HAPR7Nr7sNVtakVLS1b3UnP7M3hZE5zeIP\\\",\\\"path_name\\\":\\\"\u8f93\u5165\u7b5b\u9009\u6761\u4ef6\\\",\\\"sleep_time\\\":\\\"2\\\",\\\"Positioning\\\":\\\"0\\\",\\\"title\\\":\\\"//span[text()=\\\\\\\"IP\\\\\\\"]/../../../../../input\\\",\\\"interest\\\":\\\"2\\\",\\\"data\\\":\\\"192.168.4.43\\\"},\\\"\u7b5b\u9009\u6267\u884c\u76ee\u6807\\\":{\\\"csrfmiddlewaretoken\\\":\\\"OykEAbLb8izeOu2SjSuCGonhsFRQs9HAPR7Nr7sNVtakVLS1b3UnP7M3hZE5zeIP\\\",\\\"path_name\\\":\\\"\u7b5b\u9009\u6267\u884c\u76ee\u6807\\\",\\\"sleep_time\\\":\\\"2\\\",\\\"Positioning\\\":\\\"0\\\",\\\"title\\\":\\\"//label[text()=\\\\\\\"\u6267\u884c\u76ee\u6807\\\\\\\"]\\\",\\\"interest\\\":\\\"0\\\"},\\\"\u70b9\u51fb\u4e0b\u62c9\u6267\u884c\u7c7b\u578b\\\":{\\\"csrfmiddlewaretoken\\\":\\\"OykEAbLb8izeOu2SjSuCGonhsFRQs9HAPR7Nr7sNVtakVLS1b3UnP7M3hZE5zeIP\\\",\\\"path_name\\\":\\\"\u70b9\u51fb\u4e0b\u62c9\u6267\u884c\u7c7b\u578b\\\",\\\"sleep_time\\\":\\\"2\\\",\\\"Positioning\\\":\\\"0\\\",\\\"title\\\":\\\"//div/div/span[text()=\\\\\\\"\u96c6\u7fa4\\\\\\\"]\\\",\\\"interest\\\":\\\"0\\\"},\\\"\u83b7\u53d6\u8d77\u70b9\u5750\u6807\\\":{\\\"csrfmiddlewaretoken\\\":\\\"T40oZFH9iqh4o5eRzDmV1QpmL66qF08nmD2KgwboAdRWyjTBiL20Jnx8s92fSerJ\\\",\\\"path_name\\\":\\\"\u83b7\u53d6\u8d77\u70b9\u5750\u6807\\\",\\\"sleep_time\\\":\\\"1\\\",\\\"Positioning\\\":\\\"0\\\",\\\"title\\\":\\\"//*[@id=\\\\\\\"workflowEditMain\\\\\\\"]/div[3]/div[1]/div/div[3]/div[9]\\\",\\\"interest\\\":\\\"9\\\"},\\\"\u83b7\u53d6\u7ec8\u70b9\u5750\u6807\\\":{\\\"csrfmiddlewaretoken\\\":\\\"T40oZFH9iqh4o5eRzDmV1QpmL66qF08nmD2KgwboAdRWyjTBiL20Jnx8s92fSerJ\\\",\\\"path_name\\\":\\\"\u83b7\u53d6\u7ec8\u70b9\u5750\u6807\\\",\\\"sleep_time\\\":\\\"1\\\",\\\"Positioning\\\":\\\"0\\\",\\\"title\\\":\\\"//*[@id=\\\\\\\"workflowEditMain\\\\\\\"]/div[3]/div[1]/div/div[3]/div[14]\\\",\\\"interest\\\":\\\"9\\\"}},\\\"c6ujx9_Sort\\\":[\\\"\u7b5b\u9009\u7ec4\u4ef6\\\",\\\"\u62d6\u52a8os\u90e8\u7f72\\\",\\\"\u83b7\u53d6\u8d77\u70b9\u5750\u6807\\\",\\\"\u83b7\u53d6\u7ec8\u70b9\u5750\u6807\\\",\\\"\u62d6\u52a8\u8fde\u7ebf\\\",\\\"\u70b9\u51fb\u7f16\u8f91\\\",\\\"\u8f93\u5165\u8282\u70b9\u540d\u79f0\\\",\\\"\u70b9\u51fb\u4e0b\u62c9\\\",\\\"\u9009\u62e9\u90e8\u7f72\u6e90\\\",\\\"\u8f93\u5165\u90e8\u7f72\u8def\u5f84\\\",\\\"\u70b9\u51fb\u4e0b\u4e00\u6b65\\\",\\\"\u70b9\u51fb\u4e0b\u62c9\u6267\u884c\u7c7b\u578b\\\",\\\"\u70b9\u51fb\u9009\u62e9ip\\\",\\\"\u8f93\u5165\u7b5b\u9009\u6761\u4ef6\\\",\\\"\u7b5b\u9009\u6267\u884c\u76ee\u6807\\\",\\\"\u9009\u62e9\u6267\u884c\u76ee\u6807\\\",\\\"\u70b9\u51fb\u5e94\u7528\\\"],\\\"c6ujx9_Workflow_name\\\":\\\"os\u90e8\u7f72\\\",\\\"ahynu7\\\":{\\\"\u70b9\u51fb\u4fdd\u5b58\\\":{\\\"csrfmiddlewaretoken\\\":\\\"uZeZIv5fdCy8rWp8XNMVeERjKjth52ATp5KMGM1eYwmxJ7SVMUjk2uXrDaELVmYA\\\",\\\"path_name\\\":\\\"\u70b9\u51fb\u4fdd\u5b58\\\",\\\"sleep_time\\\":\\\"1\\\",\\\"Positioning\\\":\\\"0\\\",\\\"title\\\":\\\"//section[text()=\\\\\\\"\u4fdd\u5b58\\\\\\\"]\\\",\\\"interest\\\":\\\"0\\\"},\\\"\u786e\u8ba4\u4fdd\u5b58\\\":{\\\"path_name\\\":\\\"\u786e\u8ba4\u4fdd\u5b58\\\",\\\"sleep_time\\\":\\\"1\\\",\\\"Positioning\\\":\\\"0\\\",\\\"title\\\":\\\"//div[text()=\\\\\\\"\u662f\u5426\u9700\u8981\u4fdd\u5b58\u5f53\u524d\u5de5\u4f5c\u6d41\u5185\u5bb9?\\\\\\\"]/../../div[3]/button[2]/span\\\",\\\"interest\\\":\\\"0\\\"},\\\"\u70b9\u51fb\u6267\u884c\\\":{\\\"csrfmiddlewaretoken\\\":\\\"uZeZIv5fdCy8rWp8XNMVeERjKjth52ATp5KMGM1eYwmxJ7SVMUjk2uXrDaELVmYA\\\",\\\"path_name\\\":\\\"\u70b9\u51fb\u6267\u884c\\\",\\\"sleep_time\\\":\\\"1\\\",\\\"Positioning\\\":\\\"0\\\",\\\"title\\\":\\\"//section[text()=\\\\\\\"\u6267\u884c\\\\\\\"]\\\",\\\"interest\\\":\\\"0\\\"},\\\"\u811a\u672c\u5224\u65ad\u6267\u884c\u7ed3\u675f\\\":{\\\"csrfmiddlewaretoken\\\":\\\"e9PCTeWK8me73KHqB5r8s1D9NdinFsTmheQGQInKO0nqG40cjk1DVGAITQ876GbN\\\",\\\"path_name\\\":\\\"\u811a\u672c\u5224\u65ad\u6267\u884c\u7ed3\u675f\\\",\\\"sleep_time\\\":\\\"1\\\",\\\"Positioning\\\":\\\"11\\\",\\\"py\\\":\\\"time.sleep(10)\\\\r\\\\ni=0\\\\r\\\\nwhile True:\\\\r\\\\n    try:\\\\r\\\\n        obj=self.page.query_selector('//section[text()=\\\\\\\"\u6267\u884c\\\\\\\"]').text_content()\\\\r\\\\n        print(obj,'objobj')\\\\r\\\\n        if obj==\\\\\\\"\u6267\u884c\\\\\\\":\\\\r\\\\n            break\\\\r\\\\n    except:\\\\r\\\\n        if i==90:\\\\r\\\\n            raise Exception('\u6267\u884c\u8d85\u65f6')\\\\r\\\\n            break\\\\r\\\\n        time.sleep(3)\\\\r\\\\n        i+=1\\\\r\\\\n\\\\t\\\\t\\\\r\\\\n\\\\t\\\\t\\\\r\\\\n\\\\r\\\\n            \\\\r\\\\n\\\\t\\\\t\\\"},\\\"js\u4f1a\u8bdd\u5224\u65ad\u6267\u884c\u7ed3\u675f\\\":{\\\"csrfmiddlewaretoken\\\":\\\"tjsE8sv3VAHZQV9zN8PZq56d9xCGaSzTvv7mHGNlDMajcgqGZJ1Upsy7FbhK04Br\\\",\\\"path_name\\\":\\\"js\u4f1a\u8bdd\u5224\u65ad\u6267\u884c\u7ed3\u675f\\\",\\\"sleep_time\\\":\\\"1\\\",\\\"Positioning\\\":\\\"8\\\",\\\"js\\\":\\\"\\\\r\\\\nfunction st(){\\\\r\\\\n    starus = document.getElementsByClassName('component')[2].style.display;\\\\r\\\\n    console.log(starus,'starus');\\\\r\\\\n    if (starus==\\\\\\\"none\\\\\\\"){\\\\r\\\\n        clearTimeout(t)\\\\r\\\\n        clearTimeout(s)\\\\r\\\\n    }\\\\r\\\\n}\\\\r\\\\n\\\\r\\\\nvar i=0\\\\r\\\\nfunction stt(){\\\\r\\\\n    i++\\\\r\\\\n    if (i==10){\\\\r\\\\n        var t = setTimeout(st, 2000);\\\\r\\\\n    }\\\\r\\\\n}\\\\r\\\\nvar s = setTimeout(stt, 1000);\\\"},\\\"python\u4f1a\u8bdd\\\":{\\\"csrfmiddlewaretoken\\\":\\\"ulBUXdds4VSHJKWMD4ese4SfjObhUxrDE9K8uOboFSzIahO9JbIzSvv16CNE5BEl\\\",\\\"path_name\\\":\\\"python\u4f1a\u8bdd\\\",\\\"sleep_time\\\":\\\"1\\\",\\\"Positioning\\\":\\\"11\\\",\\\"py\\\":\\\"i=0\\\\r\\\\nwhile True:\\\\r\\\\n    try:\\\\r\\\\n        text=self.page.query_selector('//span[text()=\\\\\\\" os\u90e8\u7f72 \\\\\\\"]').text_content()\\\\r\\\\n        print(text)\\\\r\\\\n        if \\\\\\\"os\u90e8\u7f72\\\\\\\" in text:\\\\r\\\\n            break\\\\r\\\\n    except:\\\\r\\\\n        if i==90:\\\\r\\\\n            raise Exception('\u6267\u884c\u8d85\u65f6')\\\\r\\\\n            break\\\\r\\\\n        time.sleep(3)\\\\r\\\\n        i+=1\\\"}},\\\"ahynu7_Sort\\\":[\\\"\u70b9\u51fb\u4fdd\u5b58\\\",\\\"\u786e\u8ba4\u4fdd\u5b58\\\",\\\"\u70b9\u51fb\u6267\u884c\\\",\\\"python\u4f1a\u8bdd\\\"],\\\"ahynu7_Workflow_name\\\":\\\"\u4fdd\u5b58\u5e76\u6267\u884c\\\",\\\"st9ewz\\\":{\\\"\u56de\u5230\u5de5\u4f5c\u6d41\\\":{\\\"csrfmiddlewaretoken\\\":\\\"oWvIVzWpE4oX5M5hI7BXHI7NFwjSGVK6jOOoFoMZAAI4iAp8XIPCk1FFFdhPxAor\\\",\\\"path_name\\\":\\\"\u56de\u5230\u5de5\u4f5c\u6d41\\\",\\\"sleep_time\\\":\\\"1\\\",\\\"Positioning\\\":\\\"0\\\",\\\"title\\\":\\\"//span[text()=\\\\\\\"\u7f16\u6392\\\\\\\"]\\\",\\\"interest\\\":\\\"0\\\"},\\\"\u70b9\u51fb\u7b5b\u9009\\\":{\\\"path_name\\\":\\\"\u70b9\u51fb\u7b5b\u9009\\\",\\\"sleep_time\\\":\\\"1\\\",\\\"Positioning\\\":\\\"0\\\",\\\"title\\\":\\\"//span[text()=\\\\\\\"\u7b5b\u9009\\\\\\\"]\\\",\\\"interest\\\":\\\"0\\\"},\\\"\u8f93\u5165\u7b5b\u9009\u6761\u4ef6\\\":{\\\"path_name\\\":\\\"\u8f93\u5165\u7b5b\u9009\u6761\u4ef6\\\",\\\"sleep_time\\\":\\\"1\\\",\\\"Positioning\\\":\\\"0\\\",\\\"title\\\":\\\"//span[text()=\\\\\\\"\u7b5b\u9009\\\\\\\"]/../../following-sibling::div/div/div/div/div/input\\\",\\\"interest\\\":\\\"2\\\",\\\"data\\\":\\\"zdh_cicd\\\"},\\\"\u89e6\u53d1\u7b5b\u9009\\\":{\\\"path_name\\\":\\\"\u89e6\u53d1\u7b5b\u9009\\\",\\\"sleep_time\\\":\\\"1\\\",\\\"Positioning\\\":\\\"0\\\",\\\"title\\\":\\\"//span[text()=\\\\\\\"\u7b5b\u9009\\\\\\\"]/../../following-sibling::div/div/div/div/div/input\\\",\\\"interest\\\":\\\"0\\\"},\\\"\u663e\u793a\u9690\u85cf\\\":{\\\"csrfmiddlewaretoken\\\":\\\"6SZmT8WNoM9CjZR9oIA4rWM4pVtiL1rNxxwwzMG9RZZgt07S2xMyQF3t5jpxsL7E\\\",\\\"path_name\\\":\\\"\u663e\u793a\u9690\u85cf\\\",\\\"sleep_time\\\":\\\"1\\\",\\\"Positioning\\\":\\\"8\\\",\\\"js\\\":\\\"var js_display = document.querySelector(\\\\\\\".avatar-more-box > .more-box\\\\\\\");\\\\r\\\\njs_display.style.display = 'block';\\\\r\\\\nvar js_display2 = document.querySelector(\\\\\\\".avatar-more-box > .more-box > .content\\\\\\\");\\\\r\\\\nconsole.log(js_display2,'lllllllllllllllllll',js_display)\\\\r\\\\njs_display2.style.display = 'block';\\\"},\\\"\u70b9\u51fb\u5220\u9664\\\":{\\\"csrfmiddlewaretoken\\\":\\\"oWvIVzWpE4oX5M5hI7BXHI7NFwjSGVK6jOOoFoMZAAI4iAp8XIPCk1FFFdhPxAor\\\",\\\"path_name\\\":\\\"\u70b9\u51fb\u5220\u9664\\\",\\\"sleep_time\\\":\\\"1\\\",\\\"Positioning\\\":\\\"0\\\",\\\"title\\\":\\\"//span[text()=\\\\\\\"\u5220\u9664\\\\\\\"]\\\",\\\"interest\\\":\\\"0\\\"},\\\"\u6e05\u7a7a\u5185\u5bb9\\\":{\\\"path_name\\\":\\\"\u6e05\u7a7a\u5185\u5bb9\\\",\\\"sleep_time\\\":\\\"1\\\",\\\"Positioning\\\":\\\"0\\\",\\\"title\\\":\\\"//span[text()=\\\\\\\"\u7b5b\u9009\\\\\\\"]/../../following-sibling::div/div/div/div/div/input\\\",\\\"interest\\\":\\\"0\\\"}},\\\"st9ewz_Sort\\\":[\\\"\u56de\u5230\u5de5\u4f5c\u6d41\\\",\\\"\u70b9\u51fb\u7b5b\u9009\\\",\\\"\u8f93\u5165\u7b5b\u9009\u6761\u4ef6\\\",\\\"\u89e6\u53d1\u7b5b\u9009\\\",\\\"\u663e\u793a\u9690\u85cf\\\",\\\"\u70b9\u51fb\u5220\u9664\\\"],\\\"st9ewz_Workflow_name\\\":\\\"\u5220\u9664\u5de5\u4f5c\u6d41\\\",\\\"xqu0tp\\\":{\\\"\u70b9\u51fb\u56de\u6536\u7ad9\\\":{\\\"csrfmiddlewaretoken\\\":\\\"dvMjPVNVsAd1TNLdnE6bRsPe4gUbowyFQo7swuY9iICgnDfSiNpyvjVpvvFZLQhz\\\",\\\"path_name\\\":\\\"\u70b9\u51fb\u56de\u6536\u7ad9\\\",\\\"sleep_time\\\":\\\"1\\\",\\\"Positioning\\\":\\\"0\\\",\\\"title\\\":\\\"//span[text()=\\\\\\\"\u56de\u6536\u7ad9\\\\\\\"]\\\",\\\"interest\\\":\\\"0\\\"},\\\"\u8f93\u5165\u7b5b\u9009\u6761\u4ef6\\\":{\\\"path_name\\\":\\\"\u8f93\u5165\u7b5b\u9009\u6761\u4ef6\\\",\\\"sleep_time\\\":\\\"1\\\",\\\"Positioning\\\":\\\"0\\\",\\\"title\\\":\\\"//span[text()=\\\\\\\"\u7b5b\u9009\\\\\\\"]/../../following-sibling::div/div/div/div/div/input\\\",\\\"interest\\\":\\\"2\\\",\\\"data\\\":\\\"zdh_cicd\\\"},\\\"\u89e6\u53d1\u7b5b\u9009\\\":{\\\"path_name\\\":\\\"\u89e6\u53d1\u7b5b\u9009\\\",\\\"sleep_time\\\":\\\"1\\\",\\\"Positioning\\\":\\\"0\\\",\\\"title\\\":\\\"//span[text()=\\\\\\\"\u7b5b\u9009\\\\\\\"]/../../following-sibling::div/div/div/div/div/input\\\",\\\"interest\\\":\\\"0\\\"},\\\"\u70b9\u51fb\u5220\u9664\\\":{\\\"path_name\\\":\\\"\u70b9\u51fb\u5220\u9664\\\",\\\"sleep_time\\\":\\\"1\\\",\\\"Positioning\\\":\\\"0\\\",\\\"title\\\":\\\"//div[text()=\\\\\\\"\u5f7b\u5e95\u5220\u9664\\\\\\\"]\\\",\\\"interest\\\":\\\"0\\\"},\\\"\u786e\u8ba4\u5220\u9664\\\":{\\\"path_name\\\":\\\"\u786e\u8ba4\u5220\u9664\\\",\\\"sleep_time\\\":\\\"1\\\",\\\"Positioning\\\":\\\"0\\\",\\\"title\\\":\\\"//div[text()=\\\\\\\"\u662f\u5426\u5220\u9664\u6240\u9009\u5de5\u4f5c\u6d41\u6570\u636e\uff1f\\\\\\\"]/../../div[3]/button[2]\\\",\\\"interest\\\":\\\"0\\\"},\\\"\u8f93\u51fa\u4f5c\u4e3a\u5224\u65ad\\\":{\\\"path_name\\\":\\\"\u8f93\u51fa\u4f5c\u4e3a\u5224\u65ad\\\",\\\"sleep_time\\\":\\\"1\\\",\\\"Positioning\\\":\\\"11\\\",\\\"py\\\":\\\"print(200)\\\"}},\\\"xqu0tp_Sort\\\":[\\\"\u70b9\u51fb\u56de\u6536\u7ad9\\\",\\\"\u8f93\u5165\u7b5b\u9009\u6761\u4ef6\\\",\\\"\u89e6\u53d1\u7b5b\u9009\\\",\\\"\u70b9\u51fb\u5220\u9664\\\",\\\"\u786e\u8ba4\u5220\u9664\\\",\\\"\u8f93\u51fa\u4f5c\u4e3a\u5224\u65ad\\\"],\\\"xqu0tp_Workflow_name\\\":\\\"\u6e05\u7a7a\u56de\u6536\u7ad9\\\",\\\"hofqsk\\\":{\\\"\u5173\u95ed\\\":{\\\"csrfmiddlewaretoken\\\":\\\"opsLn0NEdhIdNCLGf0OlVi8bQxd2qeajkeVqaiFiY20QUFp6RQsvl7yT3eqz5HEO\\\",\\\"path_name\\\":\\\"\u5173\u95ed\\\",\\\"sleep_time\\\":\\\"1\\\",\\\"Positioning\\\":\\\"13\\\"}},\\\"hofqsk_Sort\\\":[\\\"\u5173\u95ed\\\"],\\\"hofqsk_Workflow_name\\\":\\\"\u5173\u95ed\\\",\\\"6w51xc\\\":{\\\"\u70b9\u51fb\u5c55\u5f00\u65e5\u5fd7\\\":{\\\"csrfmiddlewaretoken\\\":\\\"hxEanuLBpy3AmdEHRTApxmauf1KIDR48JfM3B4VMrbBN7LIguIDjUZn0Ew8W9Zif\\\",\\\"path_name\\\":\\\"\u70b9\u51fb\u5c55\u5f00\u65e5\u5fd7\\\",\\\"sleep_time\\\":\\\"1\\\",\\\"Positioning\\\":\\\"0\\\",\\\"title\\\":\\\"//span[text()=\\\\\\\" os\u90e8\u7f72 \\\\\\\"]\\\",\\\"interest\\\":\\\"0\\\"},\\\"\u83b7\u53d6\u65e5\u5fd7\\\":{\\\"csrfmiddlewaretoken\\\":\\\"LQgVkGnLNIY5JgbtrB4s7CnYjaBnMGMC6rANLe0ZHNH3xO3yu18lvBbeUHqzmhN0\\\",\\\"path_name\\\":\\\"\u83b7\u53d6\u65e5\u5fd7\\\",\\\"sleep_time\\\":\\\"1\\\",\\\"Positioning\\\":\\\"0\\\",\\\"title\\\":\\\"//span[text()=\\\\\\\" os\u90e8\u7f72 \\\\\\\"]/../../div[2]/div/p\\\",\\\"interest\\\":\\\"3\\\"}},\\\"6w51xc_Sort\\\":[\\\"\u70b9\u51fb\u5c55\u5f00\u65e5\u5fd7\\\",\\\"\u83b7\u53d6\u65e5\u5fd7\\\"],\\\"6w51xc_Workflow_name\\\":\\\"\u83b7\u53d6\u65e5\u5fd7\u5185\u5bb9\\\"}\",\"sql_node\":\"None\",\"merge_node\":\"{\\\"k717hb\\\":{\\\"Workflow_name\\\":\\\"\\\\n\\\\t\\\\t\\\\t\\\\t\u805a\u5408\u8282\u70b9\u540d\u79f0\\\\n\\\\t\\\\t\\\\t\\\"}}\",\"condition\":\"{\\\"5do95f__hofqsk\\\":{\\\"no\\\":\\\"on\\\",\\\"\\\":\\\"OFF\\\",\\\"yes\\\":\\\"OFF\\\",\\\"Workflow_name\\\":\\\"\u8fde\u7ebf\u540d\u79f0\\\"},\\\"5do95f__8k89rf\\\":{\\\"yes\\\":\\\"on\\\",\\\"\\\":\\\"OFF\\\",\\\"no\\\":\\\"OFF\\\",\\\"Workflow_name\\\":\\\"\u8fde\u7ebf\u540d\u79f0\\\"},\\\"kzf5ee__st9ewz\\\":{\\\"\u6210\u529f\\\":\\\"on\\\",\\\"\\\":\\\"OFF\\\",\\\"\u5931\u8d25\\\":\\\"OFF\\\",\\\"Workflow_name\\\":\\\"\u8fde\u7ebf\u540d\u79f0\\\"},\\\"kzf5ee__ooukze\\\":{\\\"\u5931\u8d25\\\":\\\"on\\\",\\\"\\\":\\\"OFF\\\",\\\"\u6210\u529f\\\":\\\"OFF\\\",\\\"Workflow_name\\\":\\\"\u8fde\u7ebf\u540d\u79f0\\\"}}\",\"Ginseng\":\"{\\\"hrgnk9\\\":[],\\\"j21u9c\\\":[],\\\"5hw725\\\":[],\\\"cnba4b\\\":[],\\\"khkiy5\\\":[],\\\"c6ujx9\\\":[],\\\"ahynu7\\\":[],\\\"st9ewz\\\":[],\\\"xqu0tp\\\":[{\\\"title\\\":\\\"200\\\",\\\"sex\\\":\\\"re\\\",\\\"desc\\\":\\\"200\\\"}],\\\"8k89rf\\\":[],\\\"hofqsk\\\":[],\\\"6w51xc\\\":[{\\\"title\\\":\\\"cicd\u65e5\u5fd7\\\",\\\"sex\\\":\\\"re\\\",\\\"desc\\\":\\\"ERROR\\\"}],\\\"ggoa0i\\\":[],\\\"ooukze\\\":[]}\",\"connections\":\"{\\\"0\\\":{\\\"current\\\":\\\"hrgnk9\\\",\\\"Rear\\\":\\\"j21u9c\\\",\\\"current_uuid\\\":\\\"hrgnk9_current\\\",\\\"Rear_uuid\\\":\\\"j21u9c_Rear\\\",\\\"current_width\\\":\\\"50459px\\\",\\\"current_height\\\":\\\"25061px\\\",\\\"Rear_width\\\":\\\"50460px\\\",\\\"Rear_height\\\":\\\"25161px\\\"},\\\"1\\\":{\\\"current\\\":\\\"j21u9c\\\",\\\"Rear\\\":\\\"5hw725\\\",\\\"current_uuid\\\":\\\"j21u9c_current\\\",\\\"Rear_uuid\\\":\\\"5hw725_Rear\\\",\\\"current_width\\\":\\\"50460px\\\",\\\"current_height\\\":\\\"25161px\\\",\\\"Rear_width\\\":\\\"50461px\\\",\\\"Rear_height\\\":\\\"25257px\\\"},\\\"2\\\":{\\\"current\\\":\\\"5hw725\\\",\\\"Rear\\\":\\\"cnba4b\\\",\\\"current_uuid\\\":\\\"5hw725_current\\\",\\\"Rear_uuid\\\":\\\"cnba4b_Rear\\\",\\\"current_width\\\":\\\"50461px\\\",\\\"current_height\\\":\\\"25257px\\\",\\\"Rear_width\\\":\\\"50460px\\\",\\\"Rear_height\\\":\\\"25356px\\\"},\\\"3\\\":{\\\"current\\\":\\\"cnba4b\\\",\\\"Rear\\\":\\\"khkiy5\\\",\\\"current_uuid\\\":\\\"cnba4b_current\\\",\\\"Rear_uuid\\\":\\\"khkiy5_Rear\\\",\\\"current_width\\\":\\\"50460px\\\",\\\"current_height\\\":\\\"25356px\\\",\\\"Rear_width\\\":\\\"50461px\\\",\\\"Rear_height\\\":\\\"25451px\\\"},\\\"4\\\":{\\\"current\\\":\\\"khkiy5\\\",\\\"Rear\\\":\\\"c6ujx9\\\",\\\"current_uuid\\\":\\\"khkiy5_current\\\",\\\"Rear_uuid\\\":\\\"c6ujx9_Rear\\\",\\\"current_width\\\":\\\"50461px\\\",\\\"current_height\\\":\\\"25451px\\\",\\\"Rear_width\\\":\\\"50459px\\\",\\\"Rear_height\\\":\\\"25556px\\\"},\\\"5\\\":{\\\"current\\\":\\\"c6ujx9\\\",\\\"Rear\\\":\\\"ahynu7\\\",\\\"current_uuid\\\":\\\"c6ujx9_current\\\",\\\"Rear_uuid\\\":\\\"ahynu7_Rear\\\",\\\"current_width\\\":\\\"50459px\\\",\\\"current_height\\\":\\\"25556px\\\",\\\"Rear_width\\\":\\\"50459px\\\",\\\"Rear_height\\\":\\\"25649px\\\"},\\\"6\\\":{\\\"current\\\":\\\"st9ewz\\\",\\\"Rear\\\":\\\"xqu0tp\\\",\\\"current_uuid\\\":\\\"st9ewz_current\\\",\\\"Rear_uuid\\\":\\\"xqu0tp_Rear\\\",\\\"current_width\\\":\\\"50341px\\\",\\\"current_height\\\":\\\"25932px\\\",\\\"Rear_width\\\":\\\"50341px\\\",\\\"Rear_height\\\":\\\"26054px\\\"},\\\"7\\\":{\\\"current\\\":\\\"xqu0tp\\\",\\\"Rear\\\":\\\"5do95f\\\",\\\"current_uuid\\\":\\\"xqu0tp_current\\\",\\\"Rear_uuid\\\":\\\"5do95f_Rear\\\",\\\"current_width\\\":\\\"50341px\\\",\\\"current_height\\\":\\\"26054px\\\",\\\"Rear_width\\\":\\\"50380px\\\",\\\"Rear_height\\\":\\\"26154px\\\"},\\\"8\\\":{\\\"current\\\":\\\"5do95f\\\",\\\"Rear\\\":\\\"8k89rf\\\",\\\"current_uuid\\\":\\\"5do95f_current\\\",\\\"Rear_uuid\\\":\\\"8k89rf_Rear\\\",\\\"current_width\\\":\\\"50380px\\\",\\\"current_height\\\":\\\"26154px\\\",\\\"Rear_width\\\":\\\"50466px\\\",\\\"Rear_height\\\":\\\"26240px\\\"},\\\"9\\\":{\\\"current\\\":\\\"5do95f\\\",\\\"Rear\\\":\\\"hofqsk\\\",\\\"current_uuid\\\":\\\"5do95f_current\\\",\\\"Rear_uuid\\\":\\\"hofqsk_Rear\\\",\\\"current_width\\\":\\\"50380px\\\",\\\"current_height\\\":\\\"26154px\\\",\\\"Rear_width\\\":\\\"50217px\\\",\\\"Rear_height\\\":\\\"26241px\\\"},\\\"10\\\":{\\\"current\\\":\\\"ahynu7\\\",\\\"Rear\\\":\\\"6w51xc\\\",\\\"current_uuid\\\":\\\"ahynu7_current\\\",\\\"Rear_uuid\\\":\\\"6w51xc_Rear\\\",\\\"current_width\\\":\\\"50459px\\\",\\\"current_height\\\":\\\"25649px\\\",\\\"Rear_width\\\":\\\"50460px\\\",\\\"Rear_height\\\":\\\"25729px\\\"},\\\"11\\\":{\\\"current\\\":\\\"6w51xc\\\",\\\"Rear\\\":\\\"kzf5ee\\\",\\\"current_uuid\\\":\\\"6w51xc_current\\\",\\\"Rear_uuid\\\":\\\"kzf5ee_Rear\\\",\\\"current_width\\\":\\\"50460px\\\",\\\"current_height\\\":\\\"25729px\\\",\\\"Rear_width\\\":\\\"50500px\\\",\\\"Rear_height\\\":\\\"25818px\\\"},\\\"12\\\":{\\\"current\\\":\\\"kzf5ee\\\",\\\"Rear\\\":\\\"st9ewz\\\",\\\"current_uuid\\\":\\\"kzf5ee_current\\\",\\\"Rear_uuid\\\":\\\"st9ewz_Rear\\\",\\\"current_width\\\":\\\"50500px\\\",\\\"current_height\\\":\\\"25818px\\\",\\\"Rear_width\\\":\\\"50341px\\\",\\\"Rear_height\\\":\\\"25932px\\\"},\\\"13\\\":{\\\"current\\\":\\\"kzf5ee\\\",\\\"Rear\\\":\\\"st9ewz\\\",\\\"current_uuid\\\":\\\"kzf5ee_current\\\",\\\"Rear_uuid\\\":\\\"st9ewz_Rear\\\",\\\"current_width\\\":\\\"50500px\\\",\\\"current_height\\\":\\\"25818px\\\",\\\"Rear_width\\\":\\\"50341px\\\",\\\"Rear_height\\\":\\\"25932px\\\"},\\\"14\\\":{\\\"current\\\":\\\"kzf5ee\\\",\\\"Rear\\\":\\\"ooukze\\\",\\\"current_uuid\\\":\\\"kzf5ee_current\\\",\\\"Rear_uuid\\\":\\\"ooukze_Rear\\\",\\\"current_width\\\":\\\"50500px\\\",\\\"current_height\\\":\\\"25818px\\\",\\\"Rear_width\\\":\\\"50582px\\\",\\\"Rear_height\\\":\\\"25930px\\\"},\\\"15\\\":{\\\"current\\\":\\\"hofqsk\\\",\\\"Rear\\\":\\\"k717hb\\\",\\\"current_uuid\\\":\\\"hofqsk_current\\\",\\\"Rear_uuid\\\":\\\"k717hb_Rear\\\",\\\"current_width\\\":\\\"50217px\\\",\\\"current_height\\\":\\\"26241px\\\",\\\"Rear_width\\\":\\\"50375px\\\",\\\"Rear_height\\\":\\\"26355px\\\"},\\\"16\\\":{\\\"current\\\":\\\"8k89rf\\\",\\\"Rear\\\":\\\"k717hb\\\",\\\"current_uuid\\\":\\\"8k89rf_current\\\",\\\"Rear_uuid\\\":\\\"k717hb_Rear\\\",\\\"current_width\\\":\\\"50466px\\\",\\\"current_height\\\":\\\"26240px\\\",\\\"Rear_width\\\":\\\"50375px\\\",\\\"Rear_height\\\":\\\"26355px\\\"},\\\"17\\\":{\\\"current\\\":\\\"k717hb\\\",\\\"Rear\\\":\\\"ggoa0i\\\",\\\"current_uuid\\\":\\\"k717hb_current\\\",\\\"Rear_uuid\\\":\\\"ggoa0i_Rear\\\",\\\"current_width\\\":\\\"50375px\\\",\\\"current_height\\\":\\\"26355px\\\",\\\"Rear_width\\\":\\\"50338px\\\",\\\"Rear_height\\\":\\\"26453px\\\"}}\",\"echo_html\":[{\"img_status\":\"Below_drawer_d1\",\"data\":\"http://127.0.0.1:8000/static/img_server/%E5%85%83%E7%B4%A0%E5%AE%9A%E4%BD%8D.png\",\"img_name\":\"position\",\"x\":\"50459px\",\"y\":\"25061px\",\"node_id\":\"hrgnk9\"},{\"img_status\":\"Below_drawer_d1\",\"data\":\"http://127.0.0.1:8000/static/img_server/%E5%85%83%E7%B4%A0%E5%AE%9A%E4%BD%8D.png\",\"img_name\":\"position\",\"x\":\"50460px\",\"y\":\"25161px\",\"node_id\":\"j21u9c\"},{\"img_status\":\"Below_drawer_d1\",\"data\":\"http://127.0.0.1:8000/static/img_server/%E5%85%83%E7%B4%A0%E5%AE%9A%E4%BD%8D.png\",\"img_name\":\"position\",\"x\":\"50461px\",\"y\":\"25257px\",\"node_id\":\"5hw725\"},{\"img_status\":\"Below_drawer_d1\",\"data\":\"http://127.0.0.1:8000/static/img_server/%E5%85%83%E7%B4%A0%E5%AE%9A%E4%BD%8D.png\",\"img_name\":\"position\",\"x\":\"50460px\",\"y\":\"25356px\",\"node_id\":\"cnba4b\"},{\"img_status\":\"Below_drawer_d1\",\"data\":\"http://127.0.0.1:8000/static/img_server/%E5%85%83%E7%B4%A0%E5%AE%9A%E4%BD%8D.png\",\"img_name\":\"position\",\"x\":\"50461px\",\"y\":\"25451px\",\"node_id\":\"khkiy5\"},{\"img_status\":\"Below_drawer_d1\",\"data\":\"http://127.0.0.1:8000/static/img_server/%E5%85%83%E7%B4%A0%E5%AE%9A%E4%BD%8D.png\",\"img_name\":\"position\",\"x\":\"50459px\",\"y\":\"25556px\",\"node_id\":\"c6ujx9\"},{\"img_status\":\"Below_drawer_d1\",\"data\":\"http://127.0.0.1:8000/static/img_server/%E5%85%83%E7%B4%A0%E5%AE%9A%E4%BD%8D.png\",\"img_name\":\"position\",\"x\":\"50459px\",\"y\":\"25649px\",\"node_id\":\"ahynu7\"},{\"img_status\":\"Below_drawer_d1\",\"data\":\"http://127.0.0.1:8000/static/img_server/%E5%85%83%E7%B4%A0%E5%AE%9A%E4%BD%8D.png\",\"img_name\":\"position\",\"x\":\"50341px\",\"y\":\"25932px\",\"node_id\":\"st9ewz\"},{\"img_status\":\"Below_drawer_d1\",\"data\":\"http://127.0.0.1:8000/static/img_server/%E5%85%83%E7%B4%A0%E5%AE%9A%E4%BD%8D.png\",\"img_name\":\"position\",\"x\":\"50341px\",\"y\":\"26054px\",\"node_id\":\"xqu0tp\"},{\"img_status\":\"Below_drawer_d1\",\"data\":\"http://127.0.0.1:8000/static/img_server/%E5%88%86.png\",\"img_name\":\"separate\",\"x\":\"50380px\",\"y\":\"26154px\",\"node_id\":\"5do95f\"},{\"img_status\":\"Below_drawer_d1\",\"data\":\"http://127.0.0.1:8000/static/img_server/API.png\",\"img_name\":\"API\",\"x\":\"50466px\",\"y\":\"26240px\",\"node_id\":\"8k89rf\"},{\"img_status\":\"Below_drawer_d1\",\"data\":\"http://127.0.0.1:8000/static/img_server/%E5%85%83%E7%B4%A0%E5%AE%9A%E4%BD%8D.png\",\"img_name\":\"position\",\"x\":\"50217px\",\"y\":\"26241px\",\"node_id\":\"hofqsk\"},{\"img_status\":\"Below_drawer_d1\",\"data\":\"http://127.0.0.1:8000/static/img_server/%E5%85%83%E7%B4%A0%E5%AE%9A%E4%BD%8D.png\",\"img_name\":\"position\",\"x\":\"50460px\",\"y\":\"25729px\",\"node_id\":\"6w51xc\"},{\"img_status\":\"Below_drawer_d1\",\"data\":\"http://127.0.0.1:8000/static/img_server/%E5%88%86.png\",\"img_name\":\"separate\",\"x\":\"50500px\",\"y\":\"25818px\",\"node_id\":\"kzf5ee\"},{\"img_status\":\"Below_drawer_d1\",\"data\":\"http://127.0.0.1:8000/static/img_server/API.png\",\"img_name\":\"API\",\"x\":\"50582px\",\"y\":\"25930px\",\"node_id\":\"ooukze\"},{\"img_status\":\"Below_drawer_d1\",\"data\":\"http://127.0.0.1:8000/static/img_server/%E5%90%88.png\",\"img_name\":\"merge\",\"x\":\"50375px\",\"y\":\"26355px\",\"node_id\":\"k717hb\"},{\"img_status\":\"Below_drawer_d1\",\"data\":\"http://127.0.0.1:8000/static/img_server/API.png\",\"img_name\":\"API\",\"x\":\"50338px\",\"y\":\"26453px\",\"node_id\":\"ggoa0i\"}],\"list_data\":\"{\\\"url\\\":\\\"http://192.168.3.185/dpa/login\\\",\\\"user\\\":\\\"fy\\\",\\\"pwd\\\":\\\"123456\\\",\\\"engine\\\":\\\"\u6267\u884c>Test>3.185\\\"}\",\"Workflow_parameter\":\"{\\\"Workflow_parameter\\\":{\\\"data1\\\":[{\\\"data_name\\\":\\\"data1\\\",\\\"key\\\":\\\"url\\\",\\\"value\\\":\\\"http://192.168.3.185/dpa/login\\\"},{\\\"data_name\\\":\\\"data1\\\",\\\"key\\\":\\\"user\\\",\\\"value\\\":\\\"fy\\\"},{\\\"data_name\\\":\\\"data1\\\",\\\"key\\\":\\\"pwd\\\",\\\"value\\\":\\\"123456\\\"},{\\\"data_name\\\":\\\"data1\\\",\\\"key\\\":\\\"engine\\\",\\\"value\\\":\\\"\u6267\u884c>Test>3.185\\\"}],\\\"data2\\\":[{\\\"data_name\\\":\\\"data2\\\",\\\"key\\\":\\\"url\\\",\\\"value\\\":\\\"http://192.168.3.184/dpa/login\\\"},{\\\"data_name\\\":\\\"data2\\\",\\\"key\\\":\\\"user\\\",\\\"value\\\":\\\"fangyan\\\"},{\\\"data_name\\\":\\\"data2\\\",\\\"key\\\":\\\"pwd\\\",\\\"value\\\":\\\"123456\\\"},{\\\"data_name\\\":\\\"data2\\\",\\\"key\\\":\\\"engine\\\",\\\"value\\\":\\\"\u534e\u4e1c\u6267\u884c\u5f15\u64ce>Preview>3.184\\\"}]},\\\"data_status\\\":true,\\\"tab_status\\\":{\\\"data1\\\":true,\\\"data2\\\":false}}\"}}", "Date": "2021-12-09\u4e0b\u53482:15:22"}}, "log": {"qnatp7": {"hrgnk9": {"node_id": "hrgnk9", "Return_parameter": "{}", "status": "Success", "Workflow_name": "\u767b\u5f55\u5230dpa"}, "j21u9c": {"node_id": "j21u9c", "Return_parameter": "{}", "status": "Success", "Workflow_name": "\u5de5\u4f5c\u6d41\u57fa\u672c\u4fe1\u606f"}, "5hw725": {"node_id": "5hw725", "Return_parameter": "{}", "status": "Success", "Workflow_name": "git\u8282\u70b9"}, "cnba4b": {"node_id": "cnba4b", "Return_parameter": "{\"\u83b7\u53d6\u5750\u6807\": {\"x\": 734, \"y\": 471.3333435058594, \"width\": 12, \"height\": 12}}", "status": "Success", "Workflow_name": "\u6784\u5efa"}, "khkiy5": {"node_id": "khkiy5", "Return_parameter": "{\"\u83b7\u53d6\u4f4d\u7f6e\u5440\u5440\u5440\": {\"x\": 495, \"y\": 473.3333435058594, \"width\": 10, \"height\": 10}}", "status": "Success", "Workflow_name": "\u5236\u54c1\u4e0a\u4f20"}, "c6ujx9": {"node_id": "c6ujx9", "Return_parameter": "{\"\u83b7\u53d6\u7ec8\u70b9\u5750\u6807\": {\"x\": 795, \"y\": 473.3333435058594, \"width\": 10, \"height\": 10}}", "status": "Success", "Workflow_name": "os\u90e8\u7f72"}, "ahynu7": {"node_id": "ahynu7", "Return_parameter": "{}", "status": "Success", "Workflow_name": "\u4fdd\u5b58\u5e76\u6267\u884c"}, "6w51xc": {"node_id": "6w51xc", "Return_parameter": "{\"\u83b7\u53d6\u65e5\u5fd7\": \"[command] Job(command-202112101141255310501) is PENDING\n[2021-12-10 11:41:25: INFO/command] Job(command-202112101141255310501) is STARTED\nNone\n\n[2021-12-10 11:41:28: INFO/command] Job(command-202112101141255310501) is SUCCESS\n\"}", "status": "Success", "Workflow_name": "\u83b7\u53d6\u65e5\u5fd7\u5185\u5bb9"}, "st9ewz": {"node_id": "st9ewz", "Return_parameter": "{}", "status": "Success", "Workflow_name": "\u5220\u9664\u5de5\u4f5c\u6d41"}, "xqu0tp": {"node_id": "xqu0tp", "Return_parameter": "{}", "status": "Success", "Workflow_name": "\u6e05\u7a7a\u56de\u6536\u7ad9"}, "hofqsk": {"node_id": "hofqsk", "Return_parameter": "{}", "status": "Success", "Workflow_name": "\u5173\u95ed"}, "ggoa0i": {"node_id": "ggoa0i", "Return_parameter": "{\"errcode\":0,\"errmsg\":\"ok\"}", "status": "Success", "Workflow_name": "\u6700\u540e\u4e00\u4e2a"}}}, "jenkins": "{\"v1.0\":{\"data\":[{\"node_name\":\"\u5de5\u4f5c\u6d41\u540d\u79f0\",\"node_id\":\"odpn3k\",\"node_status\":true}],\"Version\":\"v1.0\"}}", "json_file_url": "./json_data/json_file/cicd.json"}