{"workfliow": {"qnatp7": {"Workflow_id": "qnatp7", "Workflow_name": "shell", "Workflwow_obj": "{\"qnatp7\":{\"Workflow_name\":\"shell\",\"api_node\":\"None\",\"if_node\":\"None\",\"rpa_node\":\"None\",\"Node_information\":\"{\\\"hrgnk9\\\":{\\\"\u8fdb\u5165\u5230dpa\\\":{\\\"csrfmiddlewaretoken\\\":\\\"YoHw8pZP8OloQb3l9ziDKZ0xgNnNXAz8KDY7Gu0kx3RiwSxI7LCzuGRn39fvZGtA\\\",\\\"path_name\\\":\\\"\u8fdb\u5165\u5230dpa\\\",\\\"sleep_time\\\":\\\"1\\\",\\\"Positioning\\\":\\\"12\\\",\\\"url\\\":\\\"http://192.168.3.185/dpa/login\\\"},\\\"\u8f93\u5165\u8d26\u53f7\\\":{\\\"csrfmiddlewaretoken\\\":\\\"YoHw8pZP8OloQb3l9ziDKZ0xgNnNXAz8KDY7Gu0kx3RiwSxI7LCzuGRn39fvZGtA\\\",\\\"path_name\\\":\\\"\u8f93\u5165\u8d26\u53f7\\\",\\\"sleep_time\\\":\\\"1\\\",\\\"Positioning\\\":\\\"0\\\",\\\"title\\\":\\\"[placeholder=\\\\\\\"\u8bf7\u8f93\u5165\u8d26\u53f7\\\\\\\"]\\\",\\\"interest\\\":\\\"2\\\",\\\"data\\\":\\\"fy\\\"},\\\"\u8f93\u5165\u5bc6\u7801\\\":{\\\"csrfmiddlewaretoken\\\":\\\"YoHw8pZP8OloQb3l9ziDKZ0xgNnNXAz8KDY7Gu0kx3RiwSxI7LCzuGRn39fvZGtA\\\",\\\"path_name\\\":\\\"\u8f93\u5165\u5bc6\u7801\\\",\\\"sleep_time\\\":\\\"1\\\",\\\"Positioning\\\":\\\"0\\\",\\\"title\\\":\\\"[placeholder=\\\\\\\"\u8bf7\u8f93\u5165\u5bc6\u7801\\\\\\\"]\\\",\\\"interest\\\":\\\"2\\\",\\\"data\\\":\\\"123456\\\"},\\\"\u70b9\u51fb\u767b\u5f55\\\":{\\\"csrfmiddlewaretoken\\\":\\\"vAYIgdW3wMtIdlYTWFDwtlIAyqpLfu1nzKkoY4KWCg7cO1zK3gozLNMtnQAkblmh\\\",\\\"path_name\\\":\\\"\u70b9\u51fb\u767b\u5f55\\\",\\\"sleep_time\\\":\\\"3\\\",\\\"Positioning\\\":\\\"0\\\",\\\"title\\\":\\\"//span[text()=\\\\\\\"\u767b\u5f55\\\\\\\"]\\\",\\\"interest\\\":\\\"0\\\"}},\\\"hrgnk9_Sort\\\":[\\\"\u8fdb\u5165\u5230dpa\\\",\\\"\u8f93\u5165\u8d26\u53f7\\\",\\\"\u8f93\u5165\u5bc6\u7801\\\",\\\"\u70b9\u51fb\u767b\u5f55\\\"],\\\"hrgnk9_Workflow_name\\\":\\\"\u767b\u5f55\u5230dpa\\\",\\\"j21u9c\\\":{\\\"\u70b9\u51fb\u7f16\u6392\\\":{\\\"csrfmiddlewaretoken\\\":\\\"mBhnqoUcp95aO6cSodnVnCmKOrrOlYHJkReZWXHNyTayXwH3lqLgtmBMJjgGVQ4g\\\",\\\"path_name\\\":\\\"\u70b9\u51fb\u7f16\u6392\\\",\\\"sleep_time\\\":\\\"1\\\",\\\"Positioning\\\":\\\"0\\\",\\\"title\\\":\\\"//span[text()=\\\\\\\"\u7f16\u6392\\\\\\\"]\\\",\\\"interest\\\":\\\"0\\\"},\\\"\u70b9\u51fb\u65b0\u589e\\\":{\\\"path_name\\\":\\\"\u70b9\u51fb\u65b0\u589e\\\",\\\"sleep_time\\\":\\\"1\\\",\\\"Positioning\\\":\\\"0\\\",\\\"title\\\":\\\"//span[text()=\\\\\\\"\u65b0\u589e\\\\\\\"]\\\",\\\"interest\\\":\\\"0\\\"},\\\"\u65b0\u589eid\\\":{\\\"path_name\\\":\\\"\u65b0\u589eid\\\",\\\"sleep_time\\\":\\\"1\\\",\\\"Positioning\\\":\\\"8\\\",\\\"js\\\":\\\"var a = document.getElementsByTagName(\\\\\\\"input\\\\\\\")\\\\r\\\\na[1].setAttribute('id','input_send');\\\"},\\\"\u8f93\u5165\u5de5\u4f5c\u6d41\u6807\u9898\\\":{\\\"csrfmiddlewaretoken\\\":\\\"boHv1Isl2SCXZmMuitg0qjhjptV0n9cbeAJn0EOYtzakFYwGJuvGHeCjXyRkoZvx\\\",\\\"path_name\\\":\\\"\u8f93\u5165\u5de5\u4f5c\u6d41\u6807\u9898\\\",\\\"sleep_time\\\":\\\"1\\\",\\\"Positioning\\\":\\\"0\\\",\\\"title\\\":\\\"//label[text()=\\\\\\\"\u6807\u9898\\\\\\\"]/../div/div/input\\\",\\\"interest\\\":\\\"2\\\",\\\"data\\\":\\\"zdh_shell\\\"},\\\"\u70b9\u51fb\u4e0b\u62c9\\\":{\\\"path_name\\\":\\\"\u70b9\u51fb\u4e0b\u62c9\\\",\\\"sleep_time\\\":\\\"1\\\",\\\"Positioning\\\":\\\"0\\\",\\\"title\\\":\\\"//label[text()=\\\\\\\"\u6267\u884c\u5f15\u64ce\\\\\\\"]/../div/div/div/div/span\\\",\\\"interest\\\":\\\"0\\\"},\\\"\u70b9\u51fb\u4e0b\u62c9\u83dc\u5355\\\":{\\\"path_name\\\":\\\"\u70b9\u51fb\u4e0b\u62c9\u83dc\u5355\\\",\\\"sleep_time\\\":\\\"1\\\",\\\"Positioning\\\":\\\"0\\\",\\\"title\\\":\\\"//label[text()=\\\\\\\"\u6267\u884c\u5f15\u64ce\\\\\\\"]/../div/div/div/div/span\\\",\\\"interest\\\":\\\"0\\\"},\\\"\u9009\u62e9\u6267\u884c\u5f15\u64ce\\\":{\\\"path_name\\\":\\\"\u9009\u62e9\u6267\u884c\u5f15\u64ce\\\",\\\"sleep_time\\\":\\\"1\\\",\\\"Positioning\\\":\\\"0\\\",\\\"title\\\":\\\"//div/span[text()=\\\\\\\"\u6267\u884c>Test>3.185\\\\\\\"]\\\",\\\"interest\\\":\\\"0\\\"},\\\"\u70b9\u51fb\u786e\u5b9a\\\":{\\\"path_name\\\":\\\"\u70b9\u51fb\u786e\u5b9a\\\",\\\"sleep_time\\\":\\\"1\\\",\\\"Positioning\\\":\\\"0\\\",\\\"title\\\":\\\"//span[text()=\\\\\\\"\u786e\u8ba4\\\\\\\"]\\\",\\\"interest\\\":\\\"0\\\"}},\\\"j21u9c_Sort\\\":[\\\"\u70b9\u51fb\u7f16\u6392\\\",\\\"\u70b9\u51fb\u65b0\u589e\\\",\\\"\u65b0\u589eid\\\",\\\"\u8f93\u5165\u5de5\u4f5c\u6d41\u6807\u9898\\\",\\\"\u70b9\u51fb\u4e0b\u62c9\u83dc\u5355\\\",\\\"\u9009\u62e9\u6267\u884c\u5f15\u64ce\\\",\\\"\u70b9\u51fb\u786e\u5b9a\\\"],\\\"j21u9c_Workflow_name\\\":\\\"\u5de5\u4f5c\u6d41\u57fa\u672c\u4fe1\u606f\\\",\\\"5hw725\\\":{\\\"\u7b5b\u9009\u7ec4\u4ef6\\\":{\\\"csrfmiddlewaretoken\\\":\\\"4LYUqOvriMVye5nMrH4FG5jEtYHCP4LwQ7waJgrq5LOheA92TZenccqa7KMOhMCA\\\",\\\"path_name\\\":\\\"\u7b5b\u9009\u7ec4\u4ef6\\\",\\\"sleep_time\\\":\\\"1\\\",\\\"Positioning\\\":\\\"0\\\",\\\"title\\\":\\\"[placeholder=\\\\\\\"\u641c\u7d22\u7ec4\u4ef6\u540d\\\\\\\"] > input\\\",\\\"interest\\\":\\\"2\\\",\\\"data\\\":\\\"shell\u5e94\u7528\\\"},\\\"\u62d6\u52a8\u4ee3\u7801\u6e90\\\":{\\\"csrfmiddlewaretoken\\\":\\\"4LYUqOvriMVye5nMrH4FG5jEtYHCP4LwQ7waJgrq5LOheA92TZenccqa7KMOhMCA\\\",\\\"path_name\\\":\\\"\u62d6\u52a8\u4ee3\u7801\u6e90\\\",\\\"sleep_time\\\":\\\"1\\\",\\\"Positioning\\\":\\\"10\\\",\\\"Start_width\\\":\\\"291\\\",\\\"Start_height\\\":\\\"418\\\",\\\"end_width\\\":\\\"500\\\",\\\"end_height\\\":\\\"418\\\",\\\"winW\\\":1280,\\\"winH\\\":720},\\\"\u70b9\u51fb\u7f16\u8f91\\\":{\\\"csrfmiddlewaretoken\\\":\\\"AtiMxGN6fYXbFJM1NdzRU9y9KuYXt2HMFF8cFXc9xeUtxwQj5BaJf3lMeDL9dlR8\\\",\\\"path_name\\\":\\\"\u70b9\u51fb\u7f16\u8f91\\\",\\\"sleep_time\\\":\\\"1\\\",\\\"Positioning\\\":\\\"0\\\",\\\"title\\\":\\\"text=\u7f16\u8f91\\\",\\\"interest\\\":\\\"0\\\"},\\\"\u5207\u6362\u51ed\u8bc1\u7c7b\u578b\\\":{\\\"path_name\\\":\\\"\u5207\u6362\u51ed\u8bc1\u7c7b\u578b\\\",\\\"sleep_time\\\":\\\"1\\\",\\\"Positioning\\\":\\\"0\\\",\\\"title\\\":\\\"//span[text()=\\\\\\\"\u4e0b\u4e00\u6b65\\\\\\\"]\\\",\\\"interest\\\":\\\"0\\\"},\\\"\u8f93\u5165\u8282\u70b9\u540d\u79f0\\\":{\\\"csrfmiddlewaretoken\\\":\\\"EXB2JVb8RHYGHmKtnAhrMQMmEXINoq09Aam2g19XOjEH86aXZKdYgarRkkJZdZ64\\\",\\\"path_name\\\":\\\"\u8f93\u5165\u8282\u70b9\u540d\u79f0\\\",\\\"sleep_time\\\":\\\"1\\\",\\\"Positioning\\\":\\\"0\\\",\\\"title\\\":\\\"//label[text()=\\\\\\\"\u8282\u70b9\u540d\u79f0\\\\\\\"]/../div/div/input\\\",\\\"interest\\\":\\\"2\\\",\\\"data\\\":\\\"zdh_shell\\\"},\\\"\u70b9\u51fb\u4e0b\u62c9\\\":{\\\"path_name\\\":\\\"\u70b9\u51fb\u4e0b\u62c9\\\",\\\"sleep_time\\\":\\\"1\\\",\\\"Positioning\\\":\\\"0\\\",\\\"title\\\":\\\"//label[text()=\\\\\\\"\u53ef\u7528\u8d44\u6e90:\\\\\\\"]/../div/div/div/div/div/div/i\\\",\\\"interest\\\":\\\"0\\\"},\\\"\u9009\u62e9\u51ed\u8bc1\\\":{\\\"path_name\\\":\\\"\u9009\u62e9\u51ed\u8bc1\\\",\\\"sleep_time\\\":\\\"1\\\",\\\"Positioning\\\":\\\"0\\\",\\\"title\\\":\\\"//li[text()=\\\\\\\"git\u56de\u5f52\\\\\\\"]\\\",\\\"interest\\\":\\\"0\\\"},\\\"\u5207\u6362\u4ed3\u5e93\u8bbe\u7f6e\\\":{\\\"path_name\\\":\\\"\u5207\u6362\u4ed3\u5e93\u8bbe\u7f6e\\\",\\\"sleep_time\\\":\\\"1\\\",\\\"Positioning\\\":\\\"0\\\",\\\"title\\\":\\\"//label[text()=\\\\\\\"\u4ed3\u5e93\u8bbe\u7f6e\\\\\\\"]\\\",\\\"interest\\\":\\\"0\\\"},\\\"\u70b9\u51fb\u5f55\u5165\u65b9\u5f0f\\\":{\\\"path_name\\\":\\\"\u70b9\u51fb\u5f55\u5165\u65b9\u5f0f\\\",\\\"sleep_time\\\":\\\"1\\\",\\\"Positioning\\\":\\\"0\\\",\\\"title\\\":\\\"//label[text()=\\\\\\\"\u5f55\u5165\u65b9\u5f0f: \\\\\\\"]/../div/div[2]/div/div/div/span\\\",\\\"interest\\\":\\\"0\\\"},\\\"\u9009\u62e9\u5f15\u5bfc\u65b9\u5f0f\\\":{\\\"path_name\\\":\\\"\u9009\u62e9\u5f15\u5bfc\u65b9\u5f0f\\\",\\\"sleep_time\\\":\\\"1\\\",\\\"Positioning\\\":\\\"0\\\",\\\"title\\\":\\\"//li[text()=\\\\\\\"\u5f15\u5bfc\u65b9\u5f0f\\\\\\\"]\\\",\\\"interest\\\":\\\"0\\\"},\\\"\u8f93\u5165\u5730\u5740\\\":{\\\"path_name\\\":\\\"\u8f93\u5165\u5730\u5740\\\",\\\"sleep_time\\\":\\\"1\\\",\\\"Positioning\\\":\\\"0\\\",\\\"title\\\":\\\"//label[text()=\\\\\\\"\u670d\u52a1\u5668\u5730\u5740\\\\\\\"]/../div/div/input\\\",\\\"interest\\\":\\\"2\\\",\\\"data\\\":\\\"http://192.168.3.89\\\"},\\\"\u70b9\u51fb\u4ed3\u5e93\\\":{\\\"csrfmiddlewaretoken\\\":\\\"pAffaMYl33Q26VnGJYNy9TU1wc3y6yQMeckiz26yEEQKXc1iBtYhzg6IAGS0gkUp\\\",\\\"path_name\\\":\\\"\u70b9\u51fb\u4ed3\u5e93\\\",\\\"sleep_time\\\":\\\"6\\\",\\\"Positioning\\\":\\\"0\\\",\\\"title\\\":\\\"//label[text()=\\\\\\\"\u4ee3\u7801\u4ed3\u5e93\\\\\\\"]/../div/div/div/div/div/div\\\",\\\"interest\\\":\\\"0\\\"},\\\"\u9009\u62e9java_demo\\\":{\\\"csrfmiddlewaretoken\\\":\\\"pAffaMYl33Q26VnGJYNy9TU1wc3y6yQMeckiz26yEEQKXc1iBtYhzg6IAGS0gkUp\\\",\\\"path_name\\\":\\\"\u9009\u62e9java_demo\\\",\\\"sleep_time\\\":\\\"6\\\",\\\"Positioning\\\":\\\"0\\\",\\\"title\\\":\\\"//li[text()=\\\\\\\"java_demo\\\\\\\"]\\\",\\\"interest\\\":\\\"0\\\"},\\\"\u9009\u62e9\u4ee3\u7801\u539f\\\":{\\\"path_name\\\":\\\"\u9009\u62e9\u4ee3\u7801\u539f\\\",\\\"sleep_time\\\":\\\"1\\\",\\\"Positioning\\\":\\\"0\\\",\\\"title\\\":\\\"//label[text()=\\\\\\\"\u4ee3\u7801\u4ed3\u5e93\\\\\\\"]/../div/div/div[2]/div[2]/div/div/div/span\\\",\\\"interest\\\":\\\"0\\\"},\\\"\u9009\u62e9\u4ee3\u7801\u4ed3\u5e93\\\":{\\\"csrfmiddlewaretoken\\\":\\\"pAffaMYl33Q26VnGJYNy9TU1wc3y6yQMeckiz26yEEQKXc1iBtYhzg6IAGS0gkUp\\\",\\\"path_name\\\":\\\"\u9009\u62e9\u4ee3\u7801\u4ed3\u5e93\\\",\\\"sleep_time\\\":\\\"6\\\",\\\"Positioning\\\":\\\"0\\\",\\\"title\\\":\\\"//label[text()=\\\\\\\"\u4ee3\u7801\u4ed3\u5e93\\\\\\\"]/../div/div/div[2]/div[2]/div/div/div/span\\\",\\\"interest\\\":\\\"0\\\"},\\\"\u9009\u62e9master\\\":{\\\"path_name\\\":\\\"\u9009\u62e9master\\\",\\\"sleep_time\\\":\\\"1\\\",\\\"Positioning\\\":\\\"0\\\",\\\"title\\\":\\\"//li[text()=\\\\\\\"master\\\\\\\"]\\\",\\\"interest\\\":\\\"0\\\"},\\\"\u70b9\u51fb\u5e94\u7528\\\":{\\\"csrfmiddlewaretoken\\\":\\\"pAffaMYl33Q26VnGJYNy9TU1wc3y6yQMeckiz26yEEQKXc1iBtYhzg6IAGS0gkUp\\\",\\\"path_name\\\":\\\"\u70b9\u51fb\u5e94\u7528\\\",\\\"sleep_time\\\":\\\"1\\\",\\\"Positioning\\\":\\\"0\\\",\\\"title\\\":\\\"//span[text()=\\\\\\\"\u5e94\u7528\\\\\\\"]\\\",\\\"interest\\\":\\\"0\\\"},\\\"\u5207\u6362\u81f3\u6267\u884c\u76ee\u6807\\\":{\\\"path_name\\\":\\\"\u5207\u6362\u81f3\u6267\u884c\u76ee\u6807\\\",\\\"sleep_time\\\":\\\"1\\\",\\\"Positioning\\\":\\\"0\\\",\\\"title\\\":\\\"//label[text()=\\\\\\\"\u6267\u884c\u76ee\u6807\\\\\\\"]\\\",\\\"interest\\\":\\\"0\\\"},\\\"\u70b9\u51fbip\\\":{\\\"path_name\\\":\\\"\u70b9\u51fbip\\\",\\\"sleep_time\\\":\\\"1\\\",\\\"Positioning\\\":\\\"0\\\",\\\"title\\\":\\\"//li[text()=\\\\\\\"IP\\\\\\\"]\\\",\\\"interest\\\":\\\"0\\\"},\\\"\u8f93\u5165ip\\\":{\\\"path_name\\\":\\\"\u8f93\u5165ip\\\",\\\"sleep_time\\\":\\\"1\\\",\\\"Positioning\\\":\\\"0\\\",\\\"title\\\":\\\"//label[text()=\\\\\\\"\u53ef\u7528\u8d44\u6e90:\\\\\\\"]/../div/div/input\\\",\\\"interest\\\":\\\"2\\\",\\\"data\\\":\\\"192.168.4.43\\\"},\\\"\u79bb\u5f00\u8f93\u5165\u6846\u89e6\u53d1\u7b5b\u9009\\\":{\\\"path_name\\\":\\\"\u79bb\u5f00\u8f93\u5165\u6846\u89e6\u53d1\u7b5b\u9009\\\",\\\"sleep_time\\\":\\\"1\\\",\\\"Positioning\\\":\\\"0\\\",\\\"title\\\":\\\"//label[text()=\\\\\\\"\u7cfb\u7edf: \\\\\\\"]\\\",\\\"interest\\\":\\\"0\\\"},\\\"\u70b9\u51fb\u52fe\u9009\\\":{\\\"csrfmiddlewaretoken\\\":\\\"PMFNUDHPVEpaMaND56SldnZ97J054bsPSnGWSpuQFJU8ByQkgznrMz0d1t5EqwZ8\\\",\\\"path_name\\\":\\\"\u70b9\u51fb\u52fe\u9009\\\",\\\"sleep_time\\\":\\\"1\\\",\\\"Positioning\\\":\\\"8\\\",\\\"js\\\":\\\"var val=document.getElementsByClassName('ivu-checkbox-input')\\\\nconsole.log(val,'val')\\\\nval[1].click()\\\"},\\\"\u70b9\u51fb\u4e0b\u4e00\u6b65\\\":{\\\"csrfmiddlewaretoken\\\":\\\"PMFNUDHPVEpaMaND56SldnZ97J054bsPSnGWSpuQFJU8ByQkgznrMz0d1t5EqwZ8\\\",\\\"path_name\\\":\\\"\u70b9\u51fb\u4e0b\u4e00\u6b65\\\",\\\"sleep_time\\\":\\\"1\\\",\\\"Positioning\\\":\\\"0\\\",\\\"title\\\":\\\"//span[text()=\\\\\\\"\u4e0b\u4e00\u6b65\\\\\\\"]\\\",\\\"interest\\\":\\\"0\\\"},\\\"\u70b9\u51fbpython\\\":{\\\"path_name\\\":\\\"\u70b9\u51fbpython\\\",\\\"sleep_time\\\":\\\"1\\\",\\\"Positioning\\\":\\\"0\\\",\\\"title\\\":\\\"//label[text()=\\\\\\\"Python\\\\\\\"]\\\",\\\"interest\\\":\\\"0\\\"},\\\"python\u811a\u672c\u8f93\u5165\\\":{\\\"csrfmiddlewaretoken\\\":\\\"PMFNUDHPVEpaMaND56SldnZ97J054bsPSnGWSpuQFJU8ByQkgznrMz0d1t5EqwZ8\\\",\\\"path_name\\\":\\\"python\u811a\u672c\u8f93\u5165\\\",\\\"sleep_time\\\":\\\"1\\\",\\\"Positioning\\\":\\\"11\\\",\\\"py\\\":\\\"self.page.query_selector('//span[text()=\\\\\\\"# -*- encoding: utf-8 -*-\\\\\\\"]').click()\\\\r\\\\nprint('python\u70b9\u51fb\u6ca1')\\\\r\\\\nself.page.keyboard.down('PageDown')\\\\r\\\\nself.page.keyboard.down('Enter');\\\\r\\\\nself.page.keyboard.type(\\\\\\\"print('1234')\\\\\\\");\\\"},\\\"\u70b9\u51fb\u6d4b\u8bd5\\\":{\\\"path_name\\\":\\\"\u70b9\u51fb\u6d4b\u8bd5\\\",\\\"sleep_time\\\":\\\"1\\\",\\\"Positioning\\\":\\\"0\\\",\\\"title\\\":\\\"//span[text()=\\\\\\\"\u6d4b\u8bd5\\\\\\\"]\\\",\\\"interest\\\":\\\"0\\\"},\\\"\u70b9\u51fb\u786e\u5b9a\\\":{\\\"path_name\\\":\\\"\u70b9\u51fb\u786e\u5b9a\\\",\\\"sleep_time\\\":\\\"1\\\",\\\"Positioning\\\":\\\"0\\\",\\\"title\\\":\\\"//div[text()=\\\\\\\"\u811a\u672c\u64cd\u4f5c\\\\\\\"]/../../div[2]/div/div[3]/button[2]\\\",\\\"interest\\\":\\\"0\\\"},\\\"\u62d6\u52a8shell\\\":{\\\"path_name\\\":\\\"\u62d6\u52a8shell\\\",\\\"sleep_time\\\":\\\"1\\\",\\\"Positioning\\\":\\\"10\\\",\\\"Start_width\\\":\\\"291\\\",\\\"Start_height\\\":\\\"418\\\",\\\"end_width\\\":\\\"500\\\",\\\"end_height\\\":\\\"418\\\",\\\"winW\\\":1280,\\\"winH\\\":720},\\\"\u4e0b\u4e00\u6b65\\\":{\\\"csrfmiddlewaretoken\\\":\\\"PMFNUDHPVEpaMaND56SldnZ97J054bsPSnGWSpuQFJU8ByQkgznrMz0d1t5EqwZ8\\\",\\\"path_name\\\":\\\"\u4e0b\u4e00\u6b65\\\",\\\"sleep_time\\\":\\\"1\\\",\\\"Positioning\\\":\\\"0\\\",\\\"title\\\":\\\"//span[text()=\\\\\\\"\u4e0b\u4e00\u6b65\\\\\\\"]\\\",\\\"interest\\\":\\\"0\\\"}},\\\"5hw725_Sort\\\":[\\\"\u7b5b\u9009\u7ec4\u4ef6\\\",\\\"\u62d6\u52a8shell\\\",\\\"\u70b9\u51fb\u7f16\u8f91\\\",\\\"\u8f93\u5165\u8282\u70b9\u540d\u79f0\\\",\\\"\u5207\u6362\u81f3\u6267\u884c\u76ee\u6807\\\",\\\"\u70b9\u51fb\u4e0b\u62c9\\\",\\\"\u70b9\u51fbip\\\",\\\"\u8f93\u5165ip\\\",\\\"\u79bb\u5f00\u8f93\u5165\u6846\u89e6\u53d1\u7b5b\u9009\\\",\\\"\u70b9\u51fb\u52fe\u9009\\\",\\\"\u70b9\u51fb\u4e0b\u4e00\u6b65\\\",\\\"\u70b9\u51fbpython\\\",\\\"python\u811a\u672c\u8f93\u5165\\\",\\\"\u4e0b\u4e00\u6b65\\\",\\\"\u70b9\u51fb\u6d4b\u8bd5\\\",\\\"\u70b9\u51fb\u786e\u5b9a\\\"],\\\"5hw725_Workflow_name\\\":\\\"shell\u811a\u672c\\\",\\\"cnba4b\\\":{\\\"\u6784\u5efa\u8282\u70b9\\\":{\\\"csrfmiddlewaretoken\\\":\\\"064lLB6QCV7tqUdo6hJ1SDGt2QdD2goAUxycWgzDHACBVoWncvHHjKMJmF5KKIxh\\\",\\\"path_name\\\":\\\"\u6784\u5efa\u8282\u70b9\\\",\\\"sleep_time\\\":\\\"1\\\",\\\"Positioning\\\":\\\"0\\\",\\\"title\\\":\\\"[placeholder=\\\\\\\"\u641c\u7d22\u7ec4\u4ef6\u540d\\\\\\\"] > input\\\",\\\"interest\\\":\\\"2\\\",\\\"data\\\":\\\"\u6784\u5efa\\\"},\\\"\u62d6\u52a8\u8282\u70b9\\\":{\\\"csrfmiddlewaretoken\\\":\\\"064lLB6QCV7tqUdo6hJ1SDGt2QdD2goAUxycWgzDHACBVoWncvHHjKMJmF5KKIxh\\\",\\\"path_name\\\":\\\"\u62d6\u52a8\u8282\u70b9\\\",\\\"sleep_time\\\":\\\"1\\\",\\\"Positioning\\\":\\\"10\\\",\\\"Start_width\\\":\\\"291\\\",\\\"Start_height\\\":\\\"418\\\",\\\"end_width\\\":\\\"800\\\",\\\"end_height\\\":\\\"418\\\",\\\"winW\\\":1280,\\\"winH\\\":720},\\\"\u62d6\u52a8\u8fde\u7ebf\\\":{\\\"csrfmiddlewaretoken\\\":\\\"064lLB6QCV7tqUdo6hJ1SDGt2QdD2goAUxycWgzDHACBVoWncvHHjKMJmF5KKIxh\\\",\\\"path_name\\\":\\\"\u62d6\u52a8\u8fde\u7ebf\\\",\\\"sleep_time\\\":\\\"1\\\",\\\"Positioning\\\":\\\"10\\\",\\\"Start_width\\\":\\\"720\\\",\\\"Start_height\\\":\\\"452\\\",\\\"end_width\\\":\\\"780\\\",\\\"end_height\\\":\\\"452\\\",\\\"winW\\\":1280,\\\"winH\\\":720},\\\"\u70b9\u51fb\u7f16\u8f91\\\":{\\\"csrfmiddlewaretoken\\\":\\\"064lLB6QCV7tqUdo6hJ1SDGt2QdD2goAUxycWgzDHACBVoWncvHHjKMJmF5KKIxh\\\",\\\"path_name\\\":\\\"\u70b9\u51fb\u7f16\u8f91\\\",\\\"sleep_time\\\":\\\"1\\\",\\\"Positioning\\\":\\\"8\\\",\\\"js\\\":\\\"var elements = document.getElementsByClassName('btn');\\\\nelements[1].click()\\\\n\\\"},\\\"\u8f93\u5165\u8282\u70b9\u540d\u79f0\\\":{\\\"path_name\\\":\\\"\u8f93\u5165\u8282\u70b9\u540d\u79f0\\\",\\\"sleep_time\\\":\\\"1\\\",\\\"Positioning\\\":\\\"0\\\",\\\"title\\\":\\\"//label[text()=\\\\\\\"\u8282\u70b9\u540d\u79f0\\\\\\\"]/following-sibling::div/div/input\\\",\\\"interest\\\":\\\"2\\\",\\\"data\\\":\\\"\u6784\u5efa\\\"},\\\"\u70b9\u51fb\u4ee3\u7801\u539f\\\":{\\\"path_name\\\":\\\"\u70b9\u51fb\u4ee3\u7801\u539f\\\",\\\"sleep_time\\\":\\\"1\\\",\\\"Positioning\\\":\\\"0\\\",\\\"title\\\":\\\"//label[text()=\\\\\\\"\u4ee3\u7801\u6e90\\\\\\\"]/following-sibling::div/div/div\\\",\\\"interest\\\":\\\"0\\\"},\\\"\u9009\u62e9git\u8282\u70b9\\\":{\\\"path_name\\\":\\\"\u9009\u62e9git\u8282\u70b9\\\",\\\"sleep_time\\\":\\\"1\\\",\\\"Positioning\\\":\\\"0\\\",\\\"title\\\":\\\"//li[text()=\\\\\\\"git\\\\\\\"]\\\",\\\"interest\\\":\\\"0\\\"},\\\"\u70b9\u51fb\u6784\u5efa\u5de5\u5177\\\":{\\\"path_name\\\":\\\"\u70b9\u51fb\u6784\u5efa\u5de5\u5177\\\",\\\"sleep_time\\\":\\\"1\\\",\\\"Positioning\\\":\\\"0\\\",\\\"title\\\":\\\"//label[text()=\\\\\\\"\u6784\u5efa\u5de5\u5177\\\\\\\"]/following-sibling::div/div/div\\\",\\\"interest\\\":\\\"0\\\"},\\\"\u9009\u62e9Maven\\\":{\\\"path_name\\\":\\\"\u9009\u62e9Maven\\\",\\\"sleep_time\\\":\\\"1\\\",\\\"Positioning\\\":\\\"0\\\",\\\"title\\\":\\\"//li[text()=\\\\\\\"Maven\\\\\\\"]\\\",\\\"interest\\\":\\\"0\\\"},\\\"\u70b9\u51fb\u4e0b\u62c9\u9009\u62e9\u5de5\u5177\\\":{\\\"path_name\\\":\\\"\u70b9\u51fb\u4e0b\u62c9\u9009\u62e9\u5de5\u5177\\\",\\\"sleep_time\\\":\\\"1\\\",\\\"Positioning\\\":\\\"0\\\",\\\"title\\\":\\\"//label[text()=\\\\\\\"\u5de5\u5177\u7248\u672c\\\\\\\"]/following-sibling::div/div/div\\\",\\\"interest\\\":\\\"0\\\"},\\\"\u9009\u62e9\u5de5\u5177\u7248\u672c\\\":{\\\"path_name\\\":\\\"\u9009\u62e9\u5de5\u5177\u7248\u672c\\\",\\\"sleep_time\\\":\\\"1\\\",\\\"Positioning\\\":\\\"0\\\",\\\"title\\\":\\\"//li[text()=\\\\\\\"3.6-openjdk-8\\\\\\\"]\\\",\\\"interest\\\":\\\"0\\\"},\\\"\u8f93\u5165\u6587\u4ef6\u8def\u5f84\\\":{\\\"path_name\\\":\\\"\u8f93\u5165\u6587\u4ef6\u8def\u5f84\\\",\\\"sleep_time\\\":\\\"1\\\",\\\"Positioning\\\":\\\"0\\\",\\\"title\\\":\\\"//label[text()=\\\\\\\"Maven Pom\u6587\u4ef6\u8def\u5f84\\\\\\\"]/following-sibling::div/div/input\\\",\\\"interest\\\":\\\"2\\\",\\\"data\\\":\\\"./pom.xml\\\"},\\\"\u8f93\u5165\u6784\u5efa\u7269\u7248\u672c\\\":{\\\"path_name\\\":\\\"\u8f93\u5165\u6784\u5efa\u7269\u7248\u672c\\\",\\\"sleep_time\\\":\\\"1\\\",\\\"Positioning\\\":\\\"0\\\",\\\"title\\\":\\\"//label[text()=\\\\\\\"\u6784\u5efa\u7269\u7248\u672c\\\\\\\"]/following-sibling::div/div/input\\\",\\\"interest\\\":\\\"2\\\",\\\"data\\\":\\\"1.0.0\\\"},\\\"\u70b9\u51fb\u5e94\u7528\\\":{\\\"path_name\\\":\\\"\u70b9\u51fb\u5e94\u7528\\\",\\\"sleep_time\\\":\\\"1\\\",\\\"Positioning\\\":\\\"0\\\",\\\"title\\\":\\\"//span[text()=\\\\\\\"\u5e94\u7528\\\\\\\"]\\\",\\\"interest\\\":\\\"0\\\"},\\\"\u83b7\u53d6\u5750\u6807\\\":{\\\"csrfmiddlewaretoken\\\":\\\"064lLB6QCV7tqUdo6hJ1SDGt2QdD2goAUxycWgzDHACBVoWncvHHjKMJmF5KKIxh\\\",\\\"path_name\\\":\\\"\u83b7\u53d6\u5750\u6807\\\",\\\"sleep_time\\\":\\\"1\\\",\\\"Positioning\\\":\\\"0\\\",\\\"title\\\":\\\"rect\\\",\\\"interest\\\":\\\"9\\\"}},\\\"cnba4b_Sort\\\":[\\\"\u6784\u5efa\u8282\u70b9\\\",\\\"\u62d6\u52a8\u8282\u70b9\\\",\\\"\u83b7\u53d6\u5750\u6807\\\",\\\"\u62d6\u52a8\u8fde\u7ebf\\\",\\\"\u70b9\u51fb\u7f16\u8f91\\\",\\\"\u8f93\u5165\u8282\u70b9\u540d\u79f0\\\",\\\"\u70b9\u51fb\u4ee3\u7801\u539f\\\",\\\"\u9009\u62e9git\u8282\u70b9\\\",\\\"\u70b9\u51fb\u6784\u5efa\u5de5\u5177\\\",\\\"\u9009\u62e9Maven\\\",\\\"\u70b9\u51fb\u4e0b\u62c9\u9009\u62e9\u5de5\u5177\\\",\\\"\u9009\u62e9\u5de5\u5177\u7248\u672c\\\",\\\"\u8f93\u5165\u6587\u4ef6\u8def\u5f84\\\",\\\"\u8f93\u5165\u6784\u5efa\u7269\u7248\u672c\\\",\\\"\u70b9\u51fb\u5e94\u7528\\\"],\\\"cnba4b_Workflow_name\\\":\\\"\u6784\u5efa\\\",\\\"khkiy5\\\":{\\\"\u5236\u54c1\u4e0a\u4f20\\\":{\\\"csrfmiddlewaretoken\\\":\\\"HeiAdxXS4QYTmb8Gx1WjNtNa4iRzPy9TReHXGCkw1v0tttp6yF3vSYxga8K3kgtx\\\",\\\"path_name\\\":\\\"\u5236\u54c1\u4e0a\u4f20\\\",\\\"sleep_time\\\":\\\"1\\\",\\\"Positioning\\\":\\\"10\\\",\\\"Start_width\\\":\\\"1800\\\",\\\"Start_height\\\":\\\"860\\\",\\\"end_width\\\":\\\"1800\\\",\\\"end_height\\\":\\\"700\\\",\\\"winW\\\":1280,\\\"winH\\\":720},\\\"\u5411\u4e0a\u62d6\u52a8\u753b\u5e03\\\":{\\\"path_name\\\":\\\"\u5411\u4e0a\u62d6\u52a8\u753b\u5e03\\\",\\\"sleep_time\\\":\\\"1\\\",\\\"Positioning\\\":\\\"10\\\",\\\"Start_width\\\":\\\"1800\\\",\\\"Start_height\\\":\\\"860\\\",\\\"end_width\\\":\\\"1800\\\",\\\"end_height\\\":\\\"700\\\",\\\"winW\\\":1280,\\\"winH\\\":720},\\\"\u7b5b\u9009\u5236\u54c1\u7ba1\u7406\\\":{\\\"csrfmiddlewaretoken\\\":\\\"PEH59PfxSkEiQyysCj2upBdL7C5iHDZojSvKRn02wotnnVTIzqpBPuwqHyuUZHhR\\\",\\\"path_name\\\":\\\"\u7b5b\u9009\u5236\u54c1\u7ba1\u7406\\\",\\\"sleep_time\\\":\\\"1\\\",\\\"Positioning\\\":\\\"0\\\",\\\"title\\\":\\\"[placeholder=\\\\\\\"\u641c\u7d22\u7ec4\u4ef6\u540d\\\\\\\"] > input\\\",\\\"interest\\\":\\\"2\\\",\\\"data\\\":\\\"\u5236\u54c1\u7ba1\u7406\\\"},\\\"\u62d6\u52a8\u5230\u6307\u5b9a\u4f4d\u7f6e\\\":{\\\"path_name\\\":\\\"\u62d6\u52a8\u5230\u6307\u5b9a\u4f4d\u7f6e\\\",\\\"sleep_time\\\":\\\"1\\\",\\\"Positioning\\\":\\\"10\\\",\\\"Start_width\\\":\\\"366\\\",\\\"Start_height\\\":\\\"760\\\",\\\"end_width\\\":\\\"766\\\",\\\"end_height\\\":\\\"760\\\",\\\"winW\\\":1280,\\\"winH\\\":720},\\\"\u62d6\u52a8\u8fde\u7ebf\\\":{\\\"path_name\\\":\\\"\u62d6\u52a8\u8fde\u7ebf\\\",\\\"sleep_time\\\":\\\"1\\\",\\\"Positioning\\\":\\\"10\\\",\\\"Start_width\\\":\\\"1600\\\",\\\"Start_height\\\":\\\"650\\\",\\\"end_width\\\":\\\"732\\\",\\\"end_height\\\":\\\"807\\\",\\\"winW\\\":1280,\\\"winH\\\":720},\\\"\u70b9\u51fb\u7f16\u8f91\u5236\u54c1\u4e0a\u4f20\\\":{\\\"path_name\\\":\\\"\u70b9\u51fb\u7f16\u8f91\u5236\u54c1\u4e0a\u4f20\\\",\\\"sleep_time\\\":\\\"1\\\",\\\"Positioning\\\":\\\"0\\\",\\\"title\\\":\\\"/html/body/div[1]/div/main/div[2]/div[2]/main/div[3]/div[1]/div/div[3]/div[8]/div/div/h4/div[3]/div\\\",\\\"interest\\\":\\\"0\\\"},\\\"\u8f93\u5165\u5236\u54c1\u7ba1\u7406\\\":{\\\"path_name\\\":\\\"\u8f93\u5165\u5236\u54c1\u7ba1\u7406\\\",\\\"sleep_time\\\":\\\"1\\\",\\\"Positioning\\\":\\\"0\\\",\\\"title\\\":\\\"//label[text()=\\\\\\\"\u8282\u70b9\u540d\u79f0\\\\\\\"]/following-sibling::div/div/input\\\",\\\"interest\\\":\\\"2\\\",\\\"data\\\":\\\"\u5236\u54c1\u7ba1\u7406\\\"},\\\"\u70b9\u51fb\u4e0b\u62c9\u52a8\u4f5c\\\":{\\\"path_name\\\":\\\"\u70b9\u51fb\u4e0b\u62c9\u52a8\u4f5c\\\",\\\"sleep_time\\\":\\\"1\\\",\\\"Positioning\\\":\\\"0\\\",\\\"title\\\":\\\"//label[text()=\\\\\\\"\u4ea4\u4ed8\u7269\u7ba1\u7406\u52a8\u4f5c\\\\\\\"]/following-sibling::div/div/div/div/span\\\",\\\"interest\\\":\\\"0\\\"},\\\"\u70b9\u51fb\u56de\u6eda\\\":{\\\"path_name\\\":\\\"\u70b9\u51fb\u56de\u6eda\\\",\\\"sleep_time\\\":\\\"1\\\",\\\"Positioning\\\":\\\"0\\\",\\\"title\\\":\\\"//li[text()=\\\\\\\"\u56de\u6eda\\\\\\\"]\\\",\\\"interest\\\":\\\"0\\\"},\\\"\u9009\u62e9Nexus\\\":{\\\"path_name\\\":\\\"\u9009\u62e9Nexus\\\",\\\"sleep_time\\\":\\\"1\\\",\\\"Positioning\\\":\\\"0\\\",\\\"title\\\":\\\"//label[text()=\\\\\\\"Nexus \u7248\u672c\\\\\\\"]/following-sibling::div/div/div\\\",\\\"interest\\\":\\\"0\\\"},\\\"\u9009\u62e9Nexus3\\\":{\\\"path_name\\\":\\\"\u9009\u62e9Nexus3\\\",\\\"sleep_time\\\":\\\"1\\\",\\\"Positioning\\\":\\\"0\\\",\\\"title\\\":\\\"//li[text()=\\\\\\\"Nexus3\\\\\\\"]\\\",\\\"interest\\\":\\\"0\\\"},\\\"\u70b9\u51fbNexus\\\":{\\\"path_name\\\":\\\"\u70b9\u51fbNexus\\\",\\\"sleep_time\\\":\\\"1\\\",\\\"Positioning\\\":\\\"0\\\",\\\"title\\\":\\\"//label[text()=\\\\\\\"Nexus \u7248\u672c\\\\\\\"]/following-sibling::div/div/div\\\",\\\"interest\\\":\\\"0\\\"},\\\"\u8f93\u5165\u5730\u5740\\\":{\\\"path_name\\\":\\\"\u8f93\u5165\u5730\u5740\\\",\\\"sleep_time\\\":\\\"1\\\",\\\"Positioning\\\":\\\"0\\\",\\\"title\\\":\\\"//label[text()=\\\\\\\"Nexus Server URL\\\\\\\"]/following-sibling::div/div/input\\\",\\\"interest\\\":\\\"2\\\",\\\"data\\\":\\\"http://192.168.3.89:8081\\\"},\\\"\u70b9\u51fb\u4e0b\u62c9\u51ed\u8bc1\\\":{\\\"path_name\\\":\\\"\u70b9\u51fb\u4e0b\u62c9\u51ed\u8bc1\\\",\\\"sleep_time\\\":\\\"1\\\",\\\"Positioning\\\":\\\"0\\\",\\\"title\\\":\\\"//label[text()=\\\\\\\"\u51ed\u8bc1\\\\\\\"]/../div/div/div/div/input\\\",\\\"interest\\\":\\\"0\\\"},\\\"\u9009\u62e9nexus\\\":{\\\"path_name\\\":\\\"\u9009\u62e9nexus\\\",\\\"sleep_time\\\":\\\"1\\\",\\\"Positioning\\\":\\\"0\\\",\\\"title\\\":\\\"//li[text()=\\\\\\\"nexus\\\\\\\"]\\\",\\\"interest\\\":\\\"0\\\"},\\\"\u70b9\u51fb\u4ed3\u5e93\u4e0b\u62c9\\\":{\\\"path_name\\\":\\\"\u70b9\u51fb\u4ed3\u5e93\u4e0b\u62c9\\\",\\\"sleep_time\\\":\\\"1\\\",\\\"Positioning\\\":\\\"0\\\",\\\"title\\\":\\\"//label[text()=\\\\\\\"\u4ed3\u5e93\u540d\\\\\\\"]/following-sibling::div/div/div\\\",\\\"interest\\\":\\\"0\\\"},\\\"\u9009\u62e9\u4ed3\u5e93\\\":{\\\"path_name\\\":\\\"\u9009\u62e9\u4ed3\u5e93\\\",\\\"sleep_time\\\":\\\"1\\\",\\\"Positioning\\\":\\\"0\\\",\\\"title\\\":\\\"//li[text()=\\\\\\\"dpa-test\\\\\\\"]\\\",\\\"interest\\\":\\\"0\\\"},\\\"\u4ed3\u5e93\u8def\u5f84\\\":{\\\"path_name\\\":\\\"\u4ed3\u5e93\u8def\u5f84\\\",\\\"sleep_time\\\":\\\"1\\\",\\\"Positioning\\\":\\\"0\\\",\\\"title\\\":\\\"//label[text()=\\\\\\\"\u4ed3\u5e93\u8def\u5f84\\\\\\\"]/following-sibling::div/div[2]/div/div/span\\\",\\\"interest\\\":\\\"0\\\"},\\\"\u9009\u62e9\u8def\u5f84\\\":{\\\"path_name\\\":\\\"\u9009\u62e9\u8def\u5f84\\\",\\\"sleep_time\\\":\\\"1\\\",\\\"Positioning\\\":\\\"0\\\",\\\"title\\\":\\\"//li[text()=\\\\\\\"com.javademo\\\\\\\"]\\\",\\\"interest\\\":\\\"0\\\"},\\\"\u9009\u62e9\u5236\u54c1\u540d\u79f0\\\":{\\\"path_name\\\":\\\"\u9009\u62e9\u5236\u54c1\u540d\u79f0\\\",\\\"sleep_time\\\":\\\"1\\\",\\\"Positioning\\\":\\\"0\\\",\\\"title\\\":\\\"//label[text()=\\\\\\\"\u5236\u54c1\u540d\u79f0\\\\\\\"]/following-sibling::div/div/div\\\",\\\"interest\\\":\\\"0\\\"},\\\"\u9009\u62e9\u540d\u79f0\\\":{\\\"path_name\\\":\\\"\u9009\u62e9\u540d\u79f0\\\",\\\"sleep_time\\\":\\\"1\\\",\\\"Positioning\\\":\\\"0\\\",\\\"title\\\":\\\"//li[text()=\\\\\\\"javaceshi\\\\\\\"]\\\",\\\"interest\\\":\\\"0\\\"},\\\"\u5236\u54c1\u7248\u672c\\\":{\\\"path_name\\\":\\\"\u5236\u54c1\u7248\u672c\\\",\\\"sleep_time\\\":\\\"1\\\",\\\"Positioning\\\":\\\"0\\\",\\\"title\\\":\\\"//label[text()=\\\\\\\"\u5236\u54c1\u7248\u672c\\\\\\\"]/following-sibling::div/div/div\\\",\\\"interest\\\":\\\"0\\\"},\\\"\u9009\u62e9\u7248\u672c\\\":{\\\"path_name\\\":\\\"\u9009\u62e9\u7248\u672c\\\",\\\"sleep_time\\\":\\\"1\\\",\\\"Positioning\\\":\\\"0\\\",\\\"title\\\":\\\"//li[text()=\\\\\\\"V1.1.1\\\\\\\"]\\\",\\\"interest\\\":\\\"0\\\"},\\\"\u70b9\u51fb\u5e94\u7528\\\":{\\\"path_name\\\":\\\"\u70b9\u51fb\u5e94\u7528\\\",\\\"sleep_time\\\":\\\"1\\\",\\\"Positioning\\\":\\\"0\\\",\\\"title\\\":\\\"//span[text()=\\\\\\\"\u5e94\u7528\\\\\\\"]\\\",\\\"interest\\\":\\\"0\\\"}},\\\"khkiy5_Sort\\\":[\\\"\u5411\u4e0a\u62d6\u52a8\u753b\u5e03\\\",\\\"\u7b5b\u9009\u5236\u54c1\u7ba1\u7406\\\",\\\"\u62d6\u52a8\u5230\u6307\u5b9a\u4f4d\u7f6e\\\",\\\"\u62d6\u52a8\u8fde\u7ebf\\\",\\\"\u70b9\u51fb\u7f16\u8f91\u5236\u54c1\u4e0a\u4f20\\\",\\\"\u8f93\u5165\u5236\u54c1\u7ba1\u7406\\\",\\\"\u70b9\u51fb\u4e0b\u62c9\u52a8\u4f5c\\\",\\\"\u70b9\u51fb\u56de\u6eda\\\",\\\"\u70b9\u51fbNexus\\\",\\\"\u9009\u62e9Nexus3\\\",\\\"\u8f93\u5165\u5730\u5740\\\",\\\"\u70b9\u51fb\u4e0b\u62c9\u51ed\u8bc1\\\",\\\"\u9009\u62e9nexus\\\",\\\"\u70b9\u51fb\u4ed3\u5e93\u4e0b\u62c9\\\",\\\"\u9009\u62e9\u4ed3\u5e93\\\",\\\"\u4ed3\u5e93\u8def\u5f84\\\",\\\"\u9009\u62e9\u8def\u5f84\\\",\\\"\u9009\u62e9\u5236\u54c1\u540d\u79f0\\\",\\\"\u9009\u62e9\u540d\u79f0\\\",\\\"\u5236\u54c1\u7248\u672c\\\",\\\"\u9009\u62e9\u7248\u672c\\\",\\\"\u70b9\u51fb\u5e94\u7528\\\"],\\\"khkiy5_Workflow_name\\\":\\\"\u5236\u54c1\u4e0a\u4f20\\\",\\\"c6ujx9\\\":{\\\"\u7b5b\u9009\u7ec4\u4ef6\\\":{\\\"csrfmiddlewaretoken\\\":\\\"YTTBj2u7JGvR8fu7KJdRn5nJ4KtetufHIeUZ4X3NNNsnlMuy8FNEKgA9W0sWwIRG\\\",\\\"path_name\\\":\\\"\u7b5b\u9009\u7ec4\u4ef6\\\",\\\"sleep_time\\\":\\\"1\\\",\\\"Positioning\\\":\\\"0\\\",\\\"title\\\":\\\"/html/body/div[1]/div/main/div[2]/div[2]/main/div[1]/div[2]/div/div/div[1]/input\\\",\\\"interest\\\":\\\"2\\\",\\\"data\\\":\\\"OS\u90e8\u7f72\\\"},\\\"\u62d6\u52a8os\u90e8\u7f72\\\":{\\\"path_name\\\":\\\"\u62d6\u52a8os\u90e8\u7f72\\\",\\\"sleep_time\\\":\\\"1\\\",\\\"Positioning\\\":\\\"10\\\",\\\"Start_width\\\":\\\"366\\\",\\\"Start_height\\\":\\\"760\\\",\\\"end_width\\\":\\\"1266\\\",\\\"end_height\\\":\\\"760\\\",\\\"winW\\\":1280,\\\"winH\\\":720},\\\"\u62d6\u52a8\u8fde\u7ebf\\\":{\\\"path_name\\\":\\\"\u62d6\u52a8\u8fde\u7ebf\\\",\\\"sleep_time\\\":\\\"1\\\",\\\"Positioning\\\":\\\"10\\\",\\\"Start_width\\\":\\\"1096\\\",\\\"Start_height\\\":\\\"810\\\",\\\"end_width\\\":\\\"1246\\\",\\\"end_height\\\":\\\"810\\\",\\\"winW\\\":1280,\\\"winH\\\":720},\\\"\u70b9\u51fb\u7f16\u8f91\\\":{\\\"path_name\\\":\\\"\u70b9\u51fb\u7f16\u8f91\\\",\\\"sleep_time\\\":\\\"1\\\",\\\"Positioning\\\":\\\"0\\\",\\\"title\\\":\\\"/html/body/div[1]/div/main/div[2]/div[2]/main/div[3]/div[1]/div/div[3]/div[12]/div/div/h4/div[3]/div\\\",\\\"interest\\\":\\\"0\\\"},\\\"\u8f93\u5165\u8282\u70b9\u540d\u79f0\\\":{\\\"path_name\\\":\\\"\u8f93\u5165\u8282\u70b9\u540d\u79f0\\\",\\\"sleep_time\\\":\\\"1\\\",\\\"Positioning\\\":\\\"0\\\",\\\"title\\\":\\\"//label[text()=\\\\\\\"\u8282\u70b9\u540d\u79f0\\\\\\\"]/following-sibling::div/div/input\\\",\\\"interest\\\":\\\"2\\\",\\\"data\\\":\\\"os\u90e8\u7f72\\\"},\\\"\u70b9\u51fb\u4e0b\u62c9\\\":{\\\"path_name\\\":\\\"\u70b9\u51fb\u4e0b\u62c9\\\",\\\"sleep_time\\\":\\\"1\\\",\\\"Positioning\\\":\\\"0\\\",\\\"title\\\":\\\"//label[text()=\\\\\\\"\u90e8\u7f72\u6e90\\\\\\\"]/following-sibling::div/div/div\\\",\\\"interest\\\":\\\"0\\\"},\\\"\u9009\u62e9\u90e8\u7f72\u6e90\\\":{\\\"path_name\\\":\\\"\u9009\u62e9\u90e8\u7f72\u6e90\\\",\\\"sleep_time\\\":\\\"1\\\",\\\"Positioning\\\":\\\"0\\\",\\\"title\\\":\\\"//li[text()=\\\\\\\"\u5236\u54c1\u7ba1\u7406\\\\\\\"]\\\",\\\"interest\\\":\\\"0\\\"},\\\"\u8f93\u5165\u90e8\u7f72\u8def\u5f84\\\":{\\\"path_name\\\":\\\"\u8f93\u5165\u90e8\u7f72\u8def\u5f84\\\",\\\"sleep_time\\\":\\\"1\\\",\\\"Positioning\\\":\\\"0\\\",\\\"title\\\":\\\"//label[text()=\\\\\\\"\u90e8\u7f72\u8def\u5f84\\\\\\\"]/following-sibling::div/div/input\\\",\\\"interest\\\":\\\"2\\\",\\\"data\\\":\\\"/opt/test\\\"},\\\"\u70b9\u51fb\u4e0b\u4e00\u6b65\\\":{\\\"path_name\\\":\\\"\u70b9\u51fb\u4e0b\u4e00\u6b65\\\",\\\"sleep_time\\\":\\\"1\\\",\\\"Positioning\\\":\\\"0\\\",\\\"title\\\":\\\"//span[text()=\\\\\\\"\u4e0b\u4e00\u6b65\\\\\\\"]\\\",\\\"interest\\\":\\\"0\\\"},\\\"\u9009\u62e9\u6267\u884c\u76ee\u6807\\\":{\\\"path_name\\\":\\\"\u9009\u62e9\u6267\u884c\u76ee\u6807\\\",\\\"sleep_time\\\":\\\"1\\\",\\\"Positioning\\\":\\\"11\\\",\\\"py\\\":\\\"driver.find_elements_by_xpath('//span[text()=\\\\\\\"192.168.4.43\\\\\\\"]/../../following-sibling::td/../td/div/label/span/input')[1].click()#\u9009\u62e9\u6267\u884c\u76ee\u6807\\\"},\\\"\u70b9\u51fb\u5e94\u7528\\\":{\\\"path_name\\\":\\\"\u70b9\u51fb\u5e94\u7528\\\",\\\"sleep_time\\\":\\\"1\\\",\\\"Positioning\\\":\\\"0\\\",\\\"title\\\":\\\"//span[text()=\\\\\\\"\u5e94\u7528\\\\\\\"]\\\",\\\"interest\\\":\\\"0\\\"}},\\\"c6ujx9_Sort\\\":[\\\"\u7b5b\u9009\u7ec4\u4ef6\\\",\\\"\u62d6\u52a8os\u90e8\u7f72\\\",\\\"\u62d6\u52a8\u8fde\u7ebf\\\",\\\"\u70b9\u51fb\u7f16\u8f91\\\",\\\"\u8f93\u5165\u8282\u70b9\u540d\u79f0\\\",\\\"\u70b9\u51fb\u4e0b\u62c9\\\",\\\"\u9009\u62e9\u90e8\u7f72\u6e90\\\",\\\"\u8f93\u5165\u90e8\u7f72\u8def\u5f84\\\",\\\"\u70b9\u51fb\u4e0b\u4e00\u6b65\\\",\\\"\u9009\u62e9\u6267\u884c\u76ee\u6807\\\",\\\"\u70b9\u51fb\u5e94\u7528\\\"],\\\"c6ujx9_Workflow_name\\\":\\\"os\u90e8\u7f72\\\",\\\"ahynu7\\\":{\\\"\u70b9\u51fb\u4fdd\u5b58\\\":{\\\"csrfmiddlewaretoken\\\":\\\"uZeZIv5fdCy8rWp8XNMVeERjKjth52ATp5KMGM1eYwmxJ7SVMUjk2uXrDaELVmYA\\\",\\\"path_name\\\":\\\"\u70b9\u51fb\u4fdd\u5b58\\\",\\\"sleep_time\\\":\\\"1\\\",\\\"Positioning\\\":\\\"0\\\",\\\"title\\\":\\\"//div[text()=\\\\\\\"\u4fdd\u5b58\\\\\\\"]\\\",\\\"interest\\\":\\\"0\\\"},\\\"\u786e\u8ba4\u4fdd\u5b58\\\":{\\\"path_name\\\":\\\"\u786e\u8ba4\u4fdd\u5b58\\\",\\\"sleep_time\\\":\\\"1\\\",\\\"Positioning\\\":\\\"0\\\",\\\"title\\\":\\\"//div[text()=\\\\\\\"\u662f\u5426\u9700\u8981\u4fdd\u5b58\u5f53\u524d\u5de5\u4f5c\u6d41\u5185\u5bb9?\\\\\\\"]/../../div[3]/button[2]/span\\\",\\\"interest\\\":\\\"0\\\"},\\\"\u70b9\u51fb\u6267\u884c\\\":{\\\"path_name\\\":\\\"\u70b9\u51fb\u6267\u884c\\\",\\\"sleep_time\\\":\\\"1\\\",\\\"Positioning\\\":\\\"0\\\",\\\"title\\\":\\\"//div[text()=\\\\\\\" \u6267\u884c \\\\\\\"]\\\",\\\"interest\\\":\\\"0\\\"},\\\"\u811a\u672c\u5224\u65ad\u6267\u884c\u7ed3\u675f\\\":{\\\"path_name\\\":\\\"\u811a\u672c\u5224\u65ad\u6267\u884c\u7ed3\u675f\\\",\\\"sleep_time\\\":\\\"1\\\",\\\"Positioning\\\":\\\"11\\\",\\\"py\\\":\\\"i=0\\\\r\\\\nwhile True:\\\\r\\\\n\\\\ttry:\\\\r\\\\n\\\\t\\\\tdiv  = self.driver.find_element_by_xpath('//div[text()=\\\\\\\"\u5f53\u524d\u5de5\u4f5c\u6d41\u6267\u884c\u5b8c\u6bd5\\\\\\\"]')\\\\r\\\\n\\\\t\\\\ttext = div.get_attribute('innerText')\\\\r\\\\n\\\\t\\\\tprint(text)\\\\r\\\\n\\\\t\\\\tif text==\\\\\\\"\u5f53\u524d\u5de5\u4f5c\u6d41\u6267\u884c\u5b8c\u6bd5\\\\\\\":\\\\r\\\\n\\\\t\\\\t\\\\tself.driver.find_element_by_xpath('//div[text()=\\\\\\\"\u91cd\u7f6e\\\\\\\"]').click()#\u70b9\u51fb\u91cd\u7f6e\\\\r\\\\n\\\\t\\\\t\\\\tbreak\\\\r\\\\n\\\\texcept:\\\\r\\\\n\\\\t\\\\tif i==90:\\\\r\\\\n\\\\t\\\\t\\\\traise Exception('\u6267\u884c\u8d85\u65f6')\\\\r\\\\n\\\\t\\\\t\\\\tbreak\\\\r\\\\n\\\\t\\\\ttime.sleep(3)\\\\r\\\\n\\\\t\\\\ti+=1\\\"}},\\\"ahynu7_Sort\\\":[\\\"\u70b9\u51fb\u4fdd\u5b58\\\",\\\"\u786e\u8ba4\u4fdd\u5b58\\\",\\\"\u70b9\u51fb\u6267\u884c\\\",\\\"\u811a\u672c\u5224\u65ad\u6267\u884c\u7ed3\u675f\\\"],\\\"ahynu7_Workflow_name\\\":\\\"\u4fdd\u5b58\u5e76\u6267\u884c\\\",\\\"st9ewz\\\":{\\\"\u56de\u5230\u5de5\u4f5c\u6d41\\\":{\\\"csrfmiddlewaretoken\\\":\\\"oWvIVzWpE4oX5M5hI7BXHI7NFwjSGVK6jOOoFoMZAAI4iAp8XIPCk1FFFdhPxAor\\\",\\\"path_name\\\":\\\"\u56de\u5230\u5de5\u4f5c\u6d41\\\",\\\"sleep_time\\\":\\\"1\\\",\\\"Positioning\\\":\\\"0\\\",\\\"title\\\":\\\"//li[text()=\\\\\\\"\u7f16\u6392\\\\\\\"]\\\",\\\"interest\\\":\\\"0\\\"},\\\"\u70b9\u51fb\u7b5b\u9009\\\":{\\\"path_name\\\":\\\"\u70b9\u51fb\u7b5b\u9009\\\",\\\"sleep_time\\\":\\\"1\\\",\\\"Positioning\\\":\\\"0\\\",\\\"title\\\":\\\"//span[text()=\\\\\\\"\u7b5b\u9009\\\\\\\"]\\\",\\\"interest\\\":\\\"0\\\"},\\\"\u8f93\u5165\u7b5b\u9009\u6761\u4ef6\\\":{\\\"path_name\\\":\\\"\u8f93\u5165\u7b5b\u9009\u6761\u4ef6\\\",\\\"sleep_time\\\":\\\"1\\\",\\\"Positioning\\\":\\\"0\\\",\\\"title\\\":\\\"//span[text()=\\\\\\\"\u7b5b\u9009\\\\\\\"]/../../following-sibling::div/div/div/div/div/input\\\",\\\"interest\\\":\\\"2\\\",\\\"data\\\":\\\"zdh_cicd\\\"},\\\"\u89e6\u53d1\u7b5b\u9009\\\":{\\\"path_name\\\":\\\"\u89e6\u53d1\u7b5b\u9009\\\",\\\"sleep_time\\\":\\\"1\\\",\\\"Positioning\\\":\\\"0\\\",\\\"title\\\":\\\"//span[text()=\\\\\\\"\u7b5b\u9009\\\\\\\"]/../../following-sibling::div/div/div/div/div/input\\\",\\\"interest\\\":\\\"0\\\"},\\\"\u663e\u793a\u9690\u85cf\\\":{\\\"path_name\\\":\\\"\u663e\u793a\u9690\u85cf\\\",\\\"sleep_time\\\":\\\"1\\\",\\\"Positioning\\\":\\\"8\\\",\\\"js\\\":\\\"var js_display = document.getElementsByClassName(\\\\\\\"avatar-box-position\\\\\\\")\\\\r\\\\njs_display[0].style.display = 'block';\\\\r\\\\nvar js_display2 = document.getElementsByClassName(\\\\\\\"avatar-box-position-content\\\\\\\")\\\\r\\\\nconsole.log(js_display2,'lllllllllllllllllll',js_display)\\\\r\\\\njs_display2[0].style.display = 'block';\\\"},\\\"\u70b9\u51fb\u5220\u9664\\\":{\\\"path_name\\\":\\\"\u70b9\u51fb\u5220\u9664\\\",\\\"sleep_time\\\":\\\"1\\\",\\\"Positioning\\\":\\\"0\\\",\\\"title\\\":\\\"//div[text()=\\\\\\\"\u5220\u9664\\\\\\\"]\\\",\\\"interest\\\":\\\"0\\\"},\\\"\u6e05\u7a7a\u5185\u5bb9\\\":{\\\"path_name\\\":\\\"\u6e05\u7a7a\u5185\u5bb9\\\",\\\"sleep_time\\\":\\\"1\\\",\\\"Positioning\\\":\\\"0\\\",\\\"title\\\":\\\"//span[text()=\\\\\\\"\u7b5b\u9009\\\\\\\"]/../../following-sibling::div/div/div/div/div/input\\\",\\\"interest\\\":\\\"0\\\"}},\\\"st9ewz_Sort\\\":[\\\"\u56de\u5230\u5de5\u4f5c\u6d41\\\",\\\"\u70b9\u51fb\u7b5b\u9009\\\",\\\"\u8f93\u5165\u7b5b\u9009\u6761\u4ef6\\\",\\\"\u89e6\u53d1\u7b5b\u9009\\\",\\\"\u663e\u793a\u9690\u85cf\\\",\\\"\u70b9\u51fb\u5220\u9664\\\"],\\\"st9ewz_Workflow_name\\\":\\\"\u5220\u9664\u5de5\u4f5c\u6d41\\\",\\\"xqu0tp\\\":{\\\"\u70b9\u51fb\u56de\u6536\u7ad9\\\":{\\\"csrfmiddlewaretoken\\\":\\\"dvMjPVNVsAd1TNLdnE6bRsPe4gUbowyFQo7swuY9iICgnDfSiNpyvjVpvvFZLQhz\\\",\\\"path_name\\\":\\\"\u70b9\u51fb\u56de\u6536\u7ad9\\\",\\\"sleep_time\\\":\\\"1\\\",\\\"Positioning\\\":\\\"0\\\",\\\"title\\\":\\\"//span[text()=\\\\\\\"\u56de\u6536\u7ad9\\\\\\\"]\\\",\\\"interest\\\":\\\"0\\\"},\\\"\u8f93\u5165\u7b5b\u9009\u6761\u4ef6\\\":{\\\"path_name\\\":\\\"\u8f93\u5165\u7b5b\u9009\u6761\u4ef6\\\",\\\"sleep_time\\\":\\\"1\\\",\\\"Positioning\\\":\\\"0\\\",\\\"title\\\":\\\"//span[text()=\\\\\\\"\u7b5b\u9009\\\\\\\"]/../../following-sibling::div/div/div/div/div/input\\\",\\\"interest\\\":\\\"2\\\",\\\"data\\\":\\\"zdh_cicd\\\"},\\\"\u89e6\u53d1\u7b5b\u9009\\\":{\\\"path_name\\\":\\\"\u89e6\u53d1\u7b5b\u9009\\\",\\\"sleep_time\\\":\\\"1\\\",\\\"Positioning\\\":\\\"0\\\",\\\"title\\\":\\\"//span[text()=\\\\\\\"\u7b5b\u9009\\\\\\\"]/../../following-sibling::div/div/div/div/div/input\\\",\\\"interest\\\":\\\"0\\\"},\\\"\u70b9\u51fb\u5220\u9664\\\":{\\\"path_name\\\":\\\"\u70b9\u51fb\u5220\u9664\\\",\\\"sleep_time\\\":\\\"1\\\",\\\"Positioning\\\":\\\"0\\\",\\\"title\\\":\\\"//div[text()=\\\\\\\"\u5f7b\u5e95\u5220\u9664\\\\\\\"]\\\",\\\"interest\\\":\\\"0\\\"},\\\"\u786e\u8ba4\u5220\u9664\\\":{\\\"path_name\\\":\\\"\u786e\u8ba4\u5220\u9664\\\",\\\"sleep_time\\\":\\\"1\\\",\\\"Positioning\\\":\\\"0\\\",\\\"title\\\":\\\"//div[text()=\\\\\\\"\u662f\u5426\u5220\u9664\u6240\u9009\u5de5\u4f5c\u6d41\u6570\u636e\uff1f\\\\\\\"]/../../div[3]/button[2]\\\",\\\"interest\\\":\\\"0\\\"}},\\\"xqu0tp_Sort\\\":[\\\"\u70b9\u51fb\u56de\u6536\u7ad9\\\",\\\"\u8f93\u5165\u7b5b\u9009\u6761\u4ef6\\\",\\\"\u89e6\u53d1\u7b5b\u9009\\\",\\\"\u70b9\u51fb\u5220\u9664\\\",\\\"\u786e\u8ba4\u5220\u9664\\\"],\\\"xqu0tp_Workflow_name\\\":\\\"\u6e05\u7a7a\u56de\u6536\u7ad9\\\",\\\"2o9mwo\\\":{\\\"\u70b9\u51fb\u4fdd\u5b58\\\":{\\\"csrfmiddlewaretoken\\\":\\\"VNkShbJ5jqVA9sU5OsmBdVqVEch45csyG3je90P1Ikhb0cLtHByaAV65xO13pWwb\\\",\\\"path_name\\\":\\\"\u70b9\u51fb\u4fdd\u5b58\\\",\\\"sleep_time\\\":\\\"1\\\",\\\"Positioning\\\":\\\"0\\\",\\\"title\\\":\\\"//section[text()=\\\\\\\"\u4fdd\u5b58\\\\\\\"]\\\",\\\"interest\\\":\\\"0\\\"},\\\"\u70b9\u51fb\u786e\u5b9a\u4fdd\u5b58\\\":{\\\"path_name\\\":\\\"\u70b9\u51fb\u786e\u5b9a\u4fdd\u5b58\\\",\\\"sleep_time\\\":\\\"1\\\",\\\"Positioning\\\":\\\"0\\\",\\\"title\\\":\\\"//div[text()=\\\\\\\"\u4fdd\u5b58\\\\\\\"]/../../div[3]/button[2]/span\\\",\\\"interest\\\":\\\"0\\\"},\\\"\u70b9\u51fb\u6267\u884c\\\":{\\\"path_name\\\":\\\"\u70b9\u51fb\u6267\u884c\\\",\\\"sleep_time\\\":\\\"5\\\",\\\"Positioning\\\":\\\"0\\\",\\\"title\\\":\\\"//section[text()=\\\\\\\"\u6267\u884c\\\\\\\"]\\\",\\\"interest\\\":\\\"0\\\"},\\\"\u5c55\u5f00\u65e5\u5fd7\\\":{\\\"csrfmiddlewaretoken\\\":\\\"gBMfdmyE66RgvWWQ2GJ99oyDRZ23y1Mut7vWH7D37YnVKQJ314bgCDdrKvpWW39w\\\",\\\"path_name\\\":\\\"\u5c55\u5f00\u65e5\u5fd7\\\",\\\"sleep_time\\\":\\\"1\\\",\\\"Positioning\\\":\\\"0\\\",\\\"title\\\":\\\"//span[text()=\\\\\\\" zdh_shell \\\\\\\"]\\\",\\\"interest\\\":\\\"0\\\"},\\\"\u83b7\u53d6\u65e5\u5fd7\u5185\u5bb9\\\":{\\\"csrfmiddlewaretoken\\\":\\\"gBMfdmyE66RgvWWQ2GJ99oyDRZ23y1Mut7vWH7D37YnVKQJ314bgCDdrKvpWW39w\\\",\\\"path_name\\\":\\\"\u83b7\u53d6\u65e5\u5fd7\u5185\u5bb9\\\",\\\"sleep_time\\\":\\\"1\\\",\\\"Positioning\\\":\\\"0\\\",\\\"title\\\":\\\"//span[text()=\\\\\\\" zdh_shell \\\\\\\"]/../../div[2]/div/p\\\",\\\"interest\\\":\\\"3\\\"},\\\"python\u4f1a\u8bdd\\\":{\\\"csrfmiddlewaretoken\\\":\\\"4UYqfDWh6fBcs01QNFoj4sVjYjLlzNDpbn6BmLRRbQuKq4q3x0JpizMUezB9SJUV\\\",\\\"path_name\\\":\\\"python\u4f1a\u8bdd\\\",\\\"sleep_time\\\":\\\"1\\\",\\\"Positioning\\\":\\\"11\\\",\\\"py\\\":\\\"i=0\\\\r\\\\nwhile True:\\\\r\\\\n    try:\\\\r\\\\n        text=self.page.query_selector('//span[text()=\\\\\\\" zdh_shell \\\\\\\"]').text_content()\\\\r\\\\n        print(text)\\\\r\\\\n        if \\\\\\\"zdh_shell\\\\\\\" in text:\\\\r\\\\n            break\\\\r\\\\n    except:\\\\r\\\\n        if i==90:\\\\r\\\\n            raise Exception('\u6267\u884c\u8d85\u65f6')\\\\r\\\\n            break\\\\r\\\\n        time.sleep(3)\\\\r\\\\n        i+=1\\\"}},\\\"2o9mwo_Sort\\\":[\\\"\u70b9\u51fb\u4fdd\u5b58\\\",\\\"\u70b9\u51fb\u786e\u5b9a\u4fdd\u5b58\\\",\\\"\u70b9\u51fb\u6267\u884c\\\",\\\"python\u4f1a\u8bdd\\\",\\\"\u83b7\u53d6\u65e5\u5fd7\u5185\u5bb9\\\"],\\\"2o9mwo_Workflow_name\\\":\\\"\u4fdd\u5b58\u5e76\u6267\u884c\\\",\\\"sjmbav\\\":{\\\"\u70b9\u51fb\u7f16\u6392\\\":{\\\"csrfmiddlewaretoken\\\":\\\"d0d367iGULaJGZxjuLQmZ30O53A0OiKup9KcP4ZUTtf7kJzQd3T3ECi8Mx8eTMYh\\\",\\\"path_name\\\":\\\"\u70b9\u51fb\u7f16\u6392\\\",\\\"sleep_time\\\":\\\"1\\\",\\\"Positioning\\\":\\\"0\\\",\\\"title\\\":\\\"//span[text()=\\\\\\\"\u7f16\u6392\\\\\\\"]\\\",\\\"interest\\\":\\\"0\\\"},\\\"\u70b9\u51fb\u7b5b\u9009\\\":{\\\"csrfmiddlewaretoken\\\":\\\"IeOb6GlDs8YEnwp5X299q8ejEN6UJmB6T7264tPF33VbgJ2kKor5s4YyetyJTtSg\\\",\\\"path_name\\\":\\\"\u70b9\u51fb\u7b5b\u9009\\\",\\\"sleep_time\\\":\\\"1\\\",\\\"Positioning\\\":\\\"0\\\",\\\"title\\\":\\\"//div/span[text()=\\\\\\\"\u7b5b\u9009\\\\\\\"]\\\",\\\"interest\\\":\\\"0\\\"},\\\"\u8f93\u5165\u7b5b\u9009\u6761\u4ef6\\\":{\\\"csrfmiddlewaretoken\\\":\\\"ZANKVU7Btfa8wywImbxsTx6yDlS6rbhliLmKP3xNvqDiT2aQhwnWonJJiMIngmmB\\\",\\\"path_name\\\":\\\"\u8f93\u5165\u7b5b\u9009\u6761\u4ef6\\\",\\\"sleep_time\\\":\\\"1\\\",\\\"Positioning\\\":\\\"0\\\",\\\"title\\\":\\\"//span[text()=\\\\\\\"\u5de5\u4f5c\u6d41\u6807\u9898:\\\\\\\"]/../div/div/input\\\",\\\"interest\\\":\\\"2\\\",\\\"data\\\":\\\"zdh_shell\\\"},\\\"\u89e6\u53d1\u7b5b\u9009\\\":{\\\"path_name\\\":\\\"\u89e6\u53d1\u7b5b\u9009\\\",\\\"sleep_time\\\":\\\"1\\\",\\\"Positioning\\\":\\\"0\\\",\\\"title\\\":\\\"//button/span[text()=\\\\\\\"\u7b5b\u9009\\\\\\\"]\\\",\\\"interest\\\":\\\"0\\\"},\\\"\u663e\u793a\u9690\u85cf\\\":{\\\"csrfmiddlewaretoken\\\":\\\"7emVKwULCxBEGU57Q4tYgeJQBIELWQgUO3p2Zg82rQYcQvcNpmVnH7x1qavPY9uR\\\",\\\"path_name\\\":\\\"\u663e\u793a\u9690\u85cf\\\",\\\"sleep_time\\\":\\\"1\\\",\\\"Positioning\\\":\\\"8\\\",\\\"js\\\":\\\"var js_display = document.querySelector(\\\\\\\".avatar-more-box > .more-box\\\\\\\");\\\\r\\\\njs_display.style.display = 'block';\\\\r\\\\nvar js_display2 = document.querySelector(\\\\\\\".avatar-more-box > .more-box > .content\\\\\\\");\\\\r\\\\nconsole.log(js_display2,'lllllllllllllllllll',js_display)\\\\r\\\\njs_display2.style.display = 'block';\\\"},\\\"\u70b9\u51fb\u5220\u9664\\\":{\\\"csrfmiddlewaretoken\\\":\\\"7emVKwULCxBEGU57Q4tYgeJQBIELWQgUO3p2Zg82rQYcQvcNpmVnH7x1qavPY9uR\\\",\\\"path_name\\\":\\\"\u70b9\u51fb\u5220\u9664\\\",\\\"sleep_time\\\":\\\"1\\\",\\\"Positioning\\\":\\\"0\\\",\\\"title\\\":\\\"//span[text()=\\\\\\\"\u5220\u9664\\\\\\\"]\\\",\\\"interest\\\":\\\"0\\\"},\\\"\u70b9\u51fb\u56de\u6536\u7ad9\\\":{\\\"path_name\\\":\\\"\u70b9\u51fb\u56de\u6536\u7ad9\\\",\\\"sleep_time\\\":\\\"1\\\",\\\"Positioning\\\":\\\"0\\\",\\\"title\\\":\\\"//span[text()=\\\\\\\"\u56de\u6536\u7ad9\\\\\\\"]\\\",\\\"interest\\\":\\\"0\\\"},\\\"\u70b9\u51fb\u56de\u6536\u7ad9\u7b5b\u9009\\\":{\\\"path_name\\\":\\\"\u70b9\u51fb\u56de\u6536\u7ad9\u7b5b\u9009\\\",\\\"sleep_time\\\":\\\"1\\\",\\\"Positioning\\\":\\\"0\\\",\\\"title\\\":\\\"//div/span[text()=\\\\\\\"\u7b5b\u9009\\\\\\\"]\\\",\\\"interest\\\":\\\"0\\\"},\\\"\u70b9\u51fb\u89e6\u53d1\u56de\u6536\u7ad9\u7b5b\u9009\\\":{\\\"path_name\\\":\\\"\u70b9\u51fb\u89e6\u53d1\u56de\u6536\u7ad9\u7b5b\u9009\\\",\\\"sleep_time\\\":\\\"1\\\",\\\"Positioning\\\":\\\"0\\\",\\\"title\\\":\\\"//button/span[text()=\\\\\\\"\u7b5b\u9009\\\\\\\"]\\\",\\\"interest\\\":\\\"0\\\"},\\\"\u70b9\u51fb\u5f7b\u5e95\u5220\u9664\\\":{\\\"path_name\\\":\\\"\u70b9\u51fb\u5f7b\u5e95\u5220\u9664\\\",\\\"sleep_time\\\":\\\"1\\\",\\\"Positioning\\\":\\\"0\\\",\\\"title\\\":\\\"//div[text()=\\\\\\\"\u5f7b\u5e95\u5220\u9664\\\\\\\"]\\\",\\\"interest\\\":\\\"0\\\"},\\\"\u8f93\u5165\u56de\u6536\u7ad9\u7b5b\u9009\u6761\u4ef6\\\":{\\\"csrfmiddlewaretoken\\\":\\\"ZANKVU7Btfa8wywImbxsTx6yDlS6rbhliLmKP3xNvqDiT2aQhwnWonJJiMIngmmB\\\",\\\"path_name\\\":\\\"\u8f93\u5165\u56de\u6536\u7ad9\u7b5b\u9009\u6761\u4ef6\\\",\\\"sleep_time\\\":\\\"1\\\",\\\"Positioning\\\":\\\"0\\\",\\\"title\\\":\\\"//span[text()=\\\\\\\"\u5de5\u4f5c\u6d41\u6807\u9898:\\\\\\\"]/../div/div/input\\\",\\\"interest\\\":\\\"2\\\",\\\"data\\\":\\\"zdh_shell\\\"},\\\"\u70b9\u51fb\u786e\u5b9a\u5f7b\u5e95\u5220\u9664\\\":{\\\"path_name\\\":\\\"\u70b9\u51fb\u786e\u5b9a\u5f7b\u5e95\u5220\u9664\\\",\\\"sleep_time\\\":\\\"1\\\",\\\"Positioning\\\":\\\"0\\\",\\\"title\\\":\\\"//div[text()=\\\\\\\"\u662f\u5426\u5220\u9664\u6240\u9009\u5de5\u4f5c\u6d41\u6570\u636e\uff1f\\\\\\\"]/../../div[3]/button[2]\\\",\\\"interest\\\":\\\"0\\\"}},\\\"sjmbav_Sort\\\":[\\\"\u70b9\u51fb\u7f16\u6392\\\",\\\"\u70b9\u51fb\u7b5b\u9009\\\",\\\"\u8f93\u5165\u7b5b\u9009\u6761\u4ef6\\\",\\\"\u89e6\u53d1\u7b5b\u9009\\\",\\\"\u663e\u793a\u9690\u85cf\\\",\\\"\u70b9\u51fb\u5220\u9664\\\",\\\"\u70b9\u51fb\u56de\u6536\u7ad9\\\",\\\"\u70b9\u51fb\u56de\u6536\u7ad9\u7b5b\u9009\\\",\\\"\u8f93\u5165\u56de\u6536\u7ad9\u7b5b\u9009\u6761\u4ef6\\\",\\\"\u70b9\u51fb\u89e6\u53d1\u56de\u6536\u7ad9\u7b5b\u9009\\\",\\\"\u70b9\u51fb\u5f7b\u5e95\u5220\u9664\\\",\\\"\u70b9\u51fb\u786e\u5b9a\u5f7b\u5e95\u5220\u9664\\\"],\\\"sjmbav_Workflow_name\\\":\\\"\u5220\u9664\u5e76\u9000\u51fa\\\",\\\"w3bgik\\\":{\\\"\u5173\u95ed\\\":{\\\"csrfmiddlewaretoken\\\":\\\"50w7d3eybjtLWlaiA3PFYtEzYOAMfaqYYDO6yS6FZmAl6kfrGzUVP8FzsmCfhAGV\\\",\\\"path_name\\\":\\\"\u5173\u95ed\\\",\\\"sleep_time\\\":\\\"1\\\",\\\"Positioning\\\":\\\"13\\\"}},\\\"w3bgik_Sort\\\":[\\\"\u5173\u95ed\\\"],\\\"w3bgik_Workflow_name\\\":\\\"\u70b9\u51fb\u5173\u95ed\\\"}\",\"sql_node\":\"None\",\"merge_node\":\"None\",\"condition\":\"None\",\"Ginseng\":\"{\\\"hrgnk9\\\":[],\\\"j21u9c\\\":[],\\\"5hw725\\\":[],\\\"cnba4b\\\":[],\\\"khkiy5\\\":[],\\\"c6ujx9\\\":[],\\\"ahynu7\\\":[],\\\"st9ewz\\\":[],\\\"xqu0tp\\\":[],\\\"2o9mwo\\\":[],\\\"sjmbav\\\":[],\\\"w3bgik\\\":[]}\",\"connections\":\"{\\\"0\\\":{\\\"current\\\":\\\"hrgnk9\\\",\\\"Rear\\\":\\\"j21u9c\\\",\\\"current_uuid\\\":\\\"hrgnk9_current\\\",\\\"Rear_uuid\\\":\\\"j21u9c_Rear\\\",\\\"current_width\\\":\\\"50459px\\\",\\\"current_height\\\":\\\"25061px\\\",\\\"Rear_width\\\":\\\"50460px\\\",\\\"Rear_height\\\":\\\"25161px\\\"},\\\"1\\\":{\\\"current\\\":\\\"j21u9c\\\",\\\"Rear\\\":\\\"5hw725\\\",\\\"current_uuid\\\":\\\"j21u9c_current\\\",\\\"Rear_uuid\\\":\\\"5hw725_Rear\\\",\\\"current_width\\\":\\\"50460px\\\",\\\"current_height\\\":\\\"25161px\\\",\\\"Rear_width\\\":\\\"50461px\\\",\\\"Rear_height\\\":\\\"25258px\\\"},\\\"2\\\":{\\\"current\\\":\\\"5hw725\\\",\\\"Rear\\\":\\\"2o9mwo\\\",\\\"current_uuid\\\":\\\"5hw725_current\\\",\\\"Rear_uuid\\\":\\\"2o9mwo_Rear\\\",\\\"current_width\\\":\\\"50461px\\\",\\\"current_height\\\":\\\"25258px\\\",\\\"Rear_width\\\":\\\"50459px\\\",\\\"Rear_height\\\":\\\"25367px\\\"},\\\"3\\\":{\\\"current\\\":\\\"2o9mwo\\\",\\\"Rear\\\":\\\"sjmbav\\\",\\\"current_uuid\\\":\\\"2o9mwo_current\\\",\\\"Rear_uuid\\\":\\\"sjmbav_Rear\\\",\\\"current_width\\\":\\\"50459px\\\",\\\"current_height\\\":\\\"25367px\\\",\\\"Rear_width\\\":\\\"50460px\\\",\\\"Rear_height\\\":\\\"25475px\\\"},\\\"4\\\":{\\\"current\\\":\\\"sjmbav\\\",\\\"Rear\\\":\\\"w3bgik\\\",\\\"current_uuid\\\":\\\"sjmbav_current\\\",\\\"Rear_uuid\\\":\\\"w3bgik_Rear\\\",\\\"current_width\\\":\\\"50460px\\\",\\\"current_height\\\":\\\"25475px\\\",\\\"Rear_width\\\":\\\"50458px\\\",\\\"Rear_height\\\":\\\"25563px\\\"}}\",\"echo_html\":[{\"img_status\":\"Below_drawer_d1\",\"data\":\"http://127.0.0.1:8000/static/img_server/%E5%85%83%E7%B4%A0%E5%AE%9A%E4%BD%8D.png\",\"img_name\":\"position\",\"x\":\"50459px\",\"y\":\"25061px\",\"node_id\":\"hrgnk9\"},{\"img_status\":\"Below_drawer_d1\",\"data\":\"http://127.0.0.1:8000/static/img_server/%E5%85%83%E7%B4%A0%E5%AE%9A%E4%BD%8D.png\",\"img_name\":\"position\",\"x\":\"50460px\",\"y\":\"25161px\",\"node_id\":\"j21u9c\"},{\"img_status\":\"Below_drawer_d1\",\"data\":\"http://127.0.0.1:8000/static/img_server/%E5%85%83%E7%B4%A0%E5%AE%9A%E4%BD%8D.png\",\"img_name\":\"position\",\"x\":\"50461px\",\"y\":\"25258px\",\"node_id\":\"5hw725\"},{\"img_status\":\"Below_drawer_d1\",\"data\":\"http://127.0.0.1:8000/static/img_server/%E5%85%83%E7%B4%A0%E5%AE%9A%E4%BD%8D.png\",\"img_name\":\"position\",\"x\":\"50459px\",\"y\":\"25367px\",\"node_id\":\"2o9mwo\"},{\"img_status\":\"Below_drawer_d1\",\"data\":\"http://127.0.0.1:8000/static/img_server/%E5%85%83%E7%B4%A0%E5%AE%9A%E4%BD%8D.png\",\"img_name\":\"position\",\"x\":\"50460px\",\"y\":\"25475px\",\"node_id\":\"sjmbav\"},{\"img_status\":\"Below_drawer_d1\",\"data\":\"http://127.0.0.1:8000/static/img_server/%E5%85%83%E7%B4%A0%E5%AE%9A%E4%BD%8D.png\",\"img_name\":\"position\",\"x\":\"50458px\",\"y\":\"25563px\",\"node_id\":\"w3bgik\"}],\"list_data\":\"{}\",\"Workflow_parameter\":\"None\"}}", "Date": "2021-12-10\u4e0a\u534811:14:47"}}, "log": {"qnatp7": {"hrgnk9": {"node_id": "hrgnk9", "Return_parameter": "{}", "status": "Success", "Workflow_name": "\u767b\u5f55\u5230dpa"}, "j21u9c": {"node_id": "j21u9c", "Return_parameter": "{}", "status": "Success", "Workflow_name": "\u5de5\u4f5c\u6d41\u57fa\u672c\u4fe1\u606f"}, "5hw725": {"node_id": "5hw725", "Return_parameter": "{}", "status": "Success", "Workflow_name": "shell\u811a\u672c"}, "2o9mwo": {"node_id": "2o9mwo", "Return_parameter": "{\"\u83b7\u53d6\u65e5\u5fd7\u5185\u5bb9\": \"[command] Job(command-202112101116361942494) is PENDING\n[2021-12-10 11:16:36: INFO/command] Job(command-202112101116361942494) is STARTED\n[2021-12-10 11:16:36: 192.168.4.43 INFO/script] 02ead4.py\n1234\n\n\n[2021-12-10 11:16:36: INFO/command] Job(command-202112101116361942494) is SUCCESS\n\"}", "status": "Success", "Workflow_name": "\u4fdd\u5b58\u5e76\u6267\u884c"}, "sjmbav": {"node_id": "sjmbav", "Return_parameter": "{}", "status": "Success", "Workflow_name": "\u5220\u9664\u5e76\u9000\u51fa"}, "w3bgik": {"node_id": "w3bgik", "Return_parameter": "{}", "status": "Success", "Workflow_name": "\u70b9\u51fb\u5173\u95ed"}}}, "jenkins": "{\"v1.0\":{\"data\":[{\"node_name\":\"\u5de5\u4f5c\u6d41\u540d\u79f0\",\"node_id\":\"odpn3k\",\"node_status\":true}],\"Version\":\"v1.0\"}}", "json_file_url": "./json_data/json_file/shell.json"}