{"workfliow": {"z87vvj": {"Workflow_id": "z87vvj", "Workflow_name": "\u51ed\u8bc1\u7ba1\u7406", "Workflwow_obj": "{\"z87vvj\":{\"Workflow_name\":\"\u51ed\u8bc1\u7ba1\u7406\",\"api_node\":\"None\",\"if_node\":\"None\",\"rpa_node\":\"None\",\"Node_information\":\"{\\\"cmmnub\\\":{\\\"\u6253\u5f00url\\\":{\\\"csrfmiddlewaretoken\\\":\\\"bPfsuCQTgcHBDPjhbUb5ywKkCm5ghMfEUCza6VKPejHYbiKhylMTtK8HRNoChdY8\\\",\\\"path_name\\\":\\\"\u6253\u5f00url\\\",\\\"sleep_time\\\":\\\"1\\\",\\\"Positioning\\\":\\\"12\\\",\\\"url\\\":\\\"http://192.168.3.185/dpa/login\\\"},\\\"\u8f93\u5165\u8d26\u53f7\\\":{\\\"path_name\\\":\\\"\u8f93\u5165\u8d26\u53f7\\\",\\\"sleep_time\\\":\\\"1\\\",\\\"Positioning\\\":\\\"0\\\",\\\"title\\\":\\\"[placeholder=\\\\\\\"\u8bf7\u8f93\u5165\u8d26\u53f7\\\\\\\"]\\\",\\\"interest\\\":\\\"2\\\",\\\"data\\\":\\\"fy\\\"},\\\"\u8f93\u5165\u5bc6\u7801\\\":{\\\"csrfmiddlewaretoken\\\":\\\"5jXq79t1FvZsgAWDPeuOllJzJQQWJRNYTatJOSFOGsWPB74TthXdxR8PG88yrvsF\\\",\\\"path_name\\\":\\\"\u8f93\u5165\u5bc6\u7801\\\",\\\"sleep_time\\\":\\\"1\\\",\\\"Positioning\\\":\\\"0\\\",\\\"title\\\":\\\"[placeholder=\\\\\\\"\u8bf7\u8f93\u5165\u5bc6\u7801\\\\\\\"]\\\",\\\"interest\\\":\\\"2\\\",\\\"data\\\":\\\"123456\\\"},\\\"\u70b9\u51fb\u767b\u5f55\\\":{\\\"path_name\\\":\\\"\u70b9\u51fb\u767b\u5f55\\\",\\\"sleep_time\\\":\\\"1\\\",\\\"Positioning\\\":\\\"0\\\",\\\"title\\\":\\\"//span[text()=\\\\\\\"\u767b\u5f55\\\\\\\"]\\\",\\\"interest\\\":\\\"0\\\"}},\\\"cmmnub_Sort\\\":[\\\"\u6253\u5f00url\\\",\\\"\u8f93\u5165\u8d26\u53f7\\\",\\\"\u8f93\u5165\u5bc6\u7801\\\",\\\"\u70b9\u51fb\u767b\u5f55\\\"],\\\"cmmnub_Workflow_name\\\":\\\"\u767b\u5f55\u5230dpa\\\",\\\"xqqslp\\\":{\\\"\u70b9\u51fb\u7cfb\u7edf\u914d\u7f6e\\\":{\\\"csrfmiddlewaretoken\\\":\\\"I2V0Mk7P4aus4l4qVEOTNNpYTdY7jo80TajQHGYRFEGfjHC74unlrpWrm0yLvctJ\\\",\\\"path_name\\\":\\\"\u70b9\u51fb\u7cfb\u7edf\u914d\u7f6e\\\",\\\"sleep_time\\\":\\\"1\\\",\\\"Positioning\\\":\\\"0\\\",\\\"title\\\":\\\"//span[text()=\\\\\\\"\u7cfb\u7edf\u914d\u7f6e\\\\\\\"]\\\",\\\"interest\\\":\\\"0\\\"},\\\"\u70b9\u51fb\u51ed\u8bc1\u7ba1\u7406\\\":{\\\"path_name\\\":\\\"\u70b9\u51fb\u51ed\u8bc1\u7ba1\u7406\\\",\\\"sleep_time\\\":\\\"1\\\",\\\"Positioning\\\":\\\"0\\\",\\\"title\\\":\\\"//div[text()=\\\\\\\" \u51ed\u8bc1\u7ba1\u7406 \\\\\\\"]\\\",\\\"interest\\\":\\\"0\\\"},\\\"\u70b9\u51fb\u65b0\u589e\\\":{\\\"path_name\\\":\\\"\u70b9\u51fb\u65b0\u589e\\\",\\\"sleep_time\\\":\\\"1\\\",\\\"Positioning\\\":\\\"0\\\",\\\"title\\\":\\\"//span[text()=\\\\\\\"\u65b0\u589e\\\\\\\"]\\\",\\\"interest\\\":\\\"0\\\"},\\\"\u70b9\u51fb\u81ea\u5b9a\u4e49\\\":{\\\"path_name\\\":\\\"\u70b9\u51fb\u81ea\u5b9a\u4e49\\\",\\\"sleep_time\\\":\\\"1\\\",\\\"Positioning\\\":\\\"0\\\",\\\"title\\\":\\\"//label[text()=\\\\\\\"\u81ea\u5b9a\u4e49\\\\\\\"]\\\",\\\"interest\\\":\\\"0\\\"},\\\"\u70b9\u51fb\u4e0b\u4e00\u6b65\\\":{\\\"path_name\\\":\\\"\u70b9\u51fb\u4e0b\u4e00\u6b65\\\",\\\"sleep_time\\\":\\\"1\\\",\\\"Positioning\\\":\\\"0\\\",\\\"title\\\":\\\"//span[text()=\\\\\\\"\u4e0b\u4e00\u6b65\\\\\\\"]\\\",\\\"interest\\\":\\\"0\\\"},\\\"\u8f93\u5165\u51ed\u8bc1\\\":{\\\"csrfmiddlewaretoken\\\":\\\"fTZgmtfFrpfeUcKSa2yliqibDN7DpIb2lL080rZXOhy6OjN7Qu0vIPVbCqTnFBty\\\",\\\"path_name\\\":\\\"\u8f93\u5165\u51ed\u8bc1\\\",\\\"sleep_time\\\":\\\"1\\\",\\\"Positioning\\\":\\\"0\\\",\\\"title\\\":\\\"//label[text()=\\\\\\\"\u51ed\u8bc1\u540d\u79f0\\\\\\\"]/../div/div/input\\\",\\\"interest\\\":\\\"2\\\",\\\"data\\\":\\\"ui\u81ea\u52a8\u5316_\u51ed\u8bc1\u540d\u79f0\\\"},\\\"\u70b9\u51fb\u51ed\u8bc1\u7c7b\u578b\\\":{\\\"path_name\\\":\\\"\u70b9\u51fb\u51ed\u8bc1\u7c7b\u578b\\\",\\\"sleep_time\\\":\\\"1\\\",\\\"Positioning\\\":\\\"0\\\",\\\"title\\\":\\\"//label[text()=\\\\\\\"\u51ed\u8bc1\u7c7b\u578b\\\\\\\"]/../div/div/div/div/span\\\",\\\"interest\\\":\\\"0\\\"},\\\"\u9009\u62e9\u7528\u6237\u540d\u5bc6\u7801\\\":{\\\"path_name\\\":\\\"\u9009\u62e9\u7528\u6237\u540d\u5bc6\u7801\\\",\\\"sleep_time\\\":\\\"1\\\",\\\"Positioning\\\":\\\"0\\\",\\\"title\\\":\\\"//li[text()=\\\\\\\"\u7528\u6237\u540d\u5bc6\u7801\\\\\\\"]\\\",\\\"interest\\\":\\\"0\\\"},\\\"\u8f93\u5165\u8d26\u53f7\\\":{\\\"path_name\\\":\\\"\u8f93\u5165\u8d26\u53f7\\\",\\\"sleep_time\\\":\\\"1\\\",\\\"Positioning\\\":\\\"0\\\",\\\"title\\\":\\\"//label[text()=\\\\\\\"\u8d26\u53f7\\\\\\\"]/../div/div/input\\\",\\\"interest\\\":\\\"2\\\",\\\"data\\\":\\\"admin\\\"},\\\"\u8f93\u5165\u5bc6\u7801\\\":{\\\"path_name\\\":\\\"\u8f93\u5165\u5bc6\u7801\\\",\\\"sleep_time\\\":\\\"1\\\",\\\"Positioning\\\":\\\"0\\\",\\\"title\\\":\\\"//label[text()=\\\\\\\"\u5bc6\u7801\\\\\\\"]/../div/div/input\\\",\\\"interest\\\":\\\"2\\\",\\\"data\\\":\\\"admin\\\"},\\\"\u70b9\u51fb\u5e94\u7528\\\":{\\\"path_name\\\":\\\"\u70b9\u51fb\u5e94\u7528\\\",\\\"sleep_time\\\":\\\"1\\\",\\\"Positioning\\\":\\\"0\\\",\\\"title\\\":\\\"//span[text()=\\\\\\\"\u5e94\u7528\\\\\\\"]\\\",\\\"interest\\\":\\\"0\\\"},\\\"\u70b9\u51fb\u7b5b\u9009\\\":{\\\"path_name\\\":\\\"\u70b9\u51fb\u7b5b\u9009\\\",\\\"sleep_time\\\":\\\"1\\\",\\\"Positioning\\\":\\\"0\\\",\\\"title\\\":\\\"//div/span[text()=\\\\\\\"\u7b5b\u9009\\\\\\\"]\\\",\\\"interest\\\":\\\"0\\\"},\\\"\u8f93\u5165\u641c\u7d22\u5185\u5bb9\\\":{\\\"path_name\\\":\\\"\u8f93\u5165\u641c\u7d22\u5185\u5bb9\\\",\\\"sleep_time\\\":\\\"1\\\",\\\"Positioning\\\":\\\"0\\\",\\\"title\\\":\\\"//span[text()=\\\\\\\"\u51ed\u8bc1: \\\\\\\"]/../div/input\\\",\\\"interest\\\":\\\"2\\\",\\\"data\\\":\\\"ui\u81ea\u52a8\u5316_\u51ed\u8bc1\u540d\u79f0\\\"},\\\"\u89e6\u53d1\u7b5b\u9009\\\":{\\\"path_name\\\":\\\"\u89e6\u53d1\u7b5b\u9009\\\",\\\"sleep_time\\\":\\\"1\\\",\\\"Positioning\\\":\\\"0\\\",\\\"title\\\":\\\"//button/span[text()=\\\\\\\"\u7b5b\u9009\\\\\\\"]\\\",\\\"interest\\\":\\\"0\\\"},\\\"\u70b9\u51fb\u5220\u9664\\\":{\\\"path_name\\\":\\\"\u70b9\u51fb\u5220\u9664\\\",\\\"sleep_time\\\":\\\"1\\\",\\\"Positioning\\\":\\\"0\\\",\\\"title\\\":\\\"//span[text()=\\\\\\\"\u5220\u9664\\\\\\\"]\\\",\\\"interest\\\":\\\"0\\\"},\\\"\u786e\u5b9a\u5220\u9664\\\":{\\\"path_name\\\":\\\"\u786e\u5b9a\u5220\u9664\\\",\\\"sleep_time\\\":\\\"1\\\",\\\"Positioning\\\":\\\"0\\\",\\\"title\\\":\\\"//div[text()=\\\\\\\"\u786e\u8ba4\u5220\u9664?\\\\\\\"]/../../div[3]/button[2]\\\",\\\"interest\\\":\\\"0\\\"}},\\\"xqqslp_Sort\\\":[\\\"\u70b9\u51fb\u7cfb\u7edf\u914d\u7f6e\\\",\\\"\u70b9\u51fb\u51ed\u8bc1\u7ba1\u7406\\\",\\\"\u70b9\u51fb\u65b0\u589e\\\",\\\"\u70b9\u51fb\u81ea\u5b9a\u4e49\\\",\\\"\u70b9\u51fb\u4e0b\u4e00\u6b65\\\",\\\"\u8f93\u5165\u51ed\u8bc1\\\",\\\"\u70b9\u51fb\u51ed\u8bc1\u7c7b\u578b\\\",\\\"\u9009\u62e9\u7528\u6237\u540d\u5bc6\u7801\\\",\\\"\u8f93\u5165\u8d26\u53f7\\\",\\\"\u8f93\u5165\u5bc6\u7801\\\",\\\"\u70b9\u51fb\u5e94\u7528\\\",\\\"\u70b9\u51fb\u7b5b\u9009\\\",\\\"\u8f93\u5165\u641c\u7d22\u5185\u5bb9\\\",\\\"\u89e6\u53d1\u7b5b\u9009\\\",\\\"\u70b9\u51fb\u5220\u9664\\\",\\\"\u786e\u5b9a\u5220\u9664\\\"],\\\"xqqslp_Workflow_name\\\":\\\"\u51ed\u8bc1\u7ba1\u7406\\\",\\\"fp4krl\\\":{\\\"\u5173\u95ed\\\":{\\\"csrfmiddlewaretoken\\\":\\\"UUbHAm542sH3GoalLQK7Z2uYsKi79PMBwMEigU65fSuPMrTgoAxWmWQ609NOK2Jz\\\",\\\"path_name\\\":\\\"\u5173\u95ed\\\",\\\"sleep_time\\\":\\\"1\\\",\\\"Positioning\\\":\\\"13\\\"}},\\\"fp4krl_Sort\\\":[\\\"\u5173\u95ed\\\"],\\\"fp4krl_Workflow_name\\\":\\\"\u5173\u95ed\\\"}\",\"sql_node\":\"None\",\"merge_node\":\"None\",\"condition\":\"None\",\"Ginseng\":\"{\\\"cmmnub\\\":[],\\\"xqqslp\\\":[],\\\"fp4krl\\\":[]}\",\"connections\":\"{\\\"0\\\":{\\\"current\\\":\\\"cmmnub\\\",\\\"Rear\\\":\\\"xqqslp\\\",\\\"current_uuid\\\":\\\"cmmnub_current\\\",\\\"Rear_uuid\\\":\\\"xqqslp_Rear\\\",\\\"current_width\\\":\\\"50430px\\\",\\\"current_height\\\":\\\"25061px\\\",\\\"Rear_width\\\":\\\"50429px\\\",\\\"Rear_height\\\":\\\"25166px\\\"},\\\"1\\\":{\\\"current\\\":\\\"xqqslp\\\",\\\"Rear\\\":\\\"fp4krl\\\",\\\"current_uuid\\\":\\\"xqqslp_current\\\",\\\"Rear_uuid\\\":\\\"fp4krl_Rear\\\",\\\"current_width\\\":\\\"50429px\\\",\\\"current_height\\\":\\\"25166px\\\",\\\"Rear_width\\\":\\\"50430px\\\",\\\"Rear_height\\\":\\\"25269px\\\"}}\",\"echo_html\":[{\"img_status\":\"Below_drawer_d1\",\"data\":\"http://127.0.0.1:8000/static/img_server/%E5%85%83%E7%B4%A0%E5%AE%9A%E4%BD%8D.png\",\"img_name\":\"position\",\"x\":\"50430px\",\"y\":\"25061px\",\"node_id\":\"cmmnub\"},{\"img_status\":\"Below_drawer_d1\",\"data\":\"http://127.0.0.1:8000/static/img_server/%E5%85%83%E7%B4%A0%E5%AE%9A%E4%BD%8D.png\",\"img_name\":\"position\",\"x\":\"50429px\",\"y\":\"25166px\",\"node_id\":\"xqqslp\"},{\"img_status\":\"Below_drawer_d1\",\"data\":\"http://127.0.0.1:8000/static/img_server/%E5%85%83%E7%B4%A0%E5%AE%9A%E4%BD%8D.png\",\"img_name\":\"position\",\"x\":\"50430px\",\"y\":\"25269px\",\"node_id\":\"fp4krl\"}],\"list_data\":\"{}\",\"Workflow_parameter\":\"None\"}}", "Date": "2021-11-16\u4e0b\u53481:06:36"}}, "log": {"z87vvj": {"cmmnub": {"node_id": "cmmnub", "Return_parameter": "{}", "status": "Success", "Workflow_name": "\u767b\u5f55\u5230dpa"}, "xqqslp": {"node_id": "xqqslp", "Return_parameter": "{}", "status": "Success", "Workflow_name": "\u51ed\u8bc1\u7ba1\u7406"}, "fp4krl": {"node_id": "fp4krl", "Return_parameter": "{}", "status": "Success", "Workflow_name": "\u5173\u95ed"}}}, "jenkins": "{}", "json_file_url": "./json_data/json_file/\u51ed\u8bc1\u7ba1\u7406.json"}