{"workfliow": {"t6pugk": {"Workflow_id": "t6pugk", "Workflow_name": "\u65b0\u589e\u7528\u6237\u573a\u666f", "Workflwow_obj": "{\"t6pugk\":{\"Workflow_name\":\"\u65b0\u589e\u7528\u6237\u573a\u666f\",\"api_node\":\"None\",\"if_node\":\"None\",\"rpa_node\":\"None\",\"Node_information\":\"{\\\"w4s6qn\\\":{\\\"\u6253\u5f00url\\\":{\\\"csrfmiddlewaretoken\\\":\\\"w9zlDcQxieJoHwN5U6KxwSrGSrpWWb92MNMzF7pQup7gtfFpThApL4F3XWa4EHWX\\\",\\\"path_name\\\":\\\"\u6253\u5f00url\\\",\\\"sleep_time\\\":\\\"1\\\",\\\"Positioning\\\":\\\"12\\\",\\\"url\\\":\\\"http://192.168.3.185/dpa/login\\\"},\\\"\u8f93\u5165\u8d26\u53f7\\\":{\\\"path_name\\\":\\\"\u8f93\u5165\u8d26\u53f7\\\",\\\"sleep_time\\\":\\\"1\\\",\\\"Positioning\\\":\\\"0\\\",\\\"title\\\":\\\"[placeholder=\\\\\\\"\u8bf7\u8f93\u5165\u8d26\u53f7\\\\\\\"]\\\",\\\"interest\\\":\\\"2\\\",\\\"data\\\":\\\"fy\\\"},\\\"\u8f93\u5165\u5bc6\u7801\\\":{\\\"path_name\\\":\\\"\u8f93\u5165\u5bc6\u7801\\\",\\\"sleep_time\\\":\\\"1\\\",\\\"Positioning\\\":\\\"0\\\",\\\"title\\\":\\\"[placeholder=\\\\\\\"\u8bf7\u8f93\u5165\u5bc6\u7801\\\\\\\"]\\\",\\\"interest\\\":\\\"2\\\",\\\"data\\\":\\\"123456\\\"},\\\"\u70b9\u51fb\u767b\u5f55\\\":{\\\"path_name\\\":\\\"\u70b9\u51fb\u767b\u5f55\\\",\\\"sleep_time\\\":\\\"1\\\",\\\"Positioning\\\":\\\"0\\\",\\\"title\\\":\\\"//span[text()=\\\\\\\"\u767b\u5f55\\\\\\\"]\\\",\\\"interest\\\":\\\"0\\\"}},\\\"w4s6qn_Sort\\\":[\\\"\u6253\u5f00url\\\",\\\"\u8f93\u5165\u8d26\u53f7\\\",\\\"\u8f93\u5165\u5bc6\u7801\\\",\\\"\u70b9\u51fb\u767b\u5f55\\\"],\\\"w4s6qn_Workflow_name\\\":\\\"\u767b\u5f55\u5230dpa\\\",\\\"hc1k8x\\\":{\\\"\u70b9\u51fb\u7cfb\u7edf\u914d\u7f6e\\\":{\\\"csrfmiddlewaretoken\\\":\\\"VPMEKwLYA3TqKVrGYsMBv4c1zDazfVBiQ6ELX3ynMPryKfah5HbNtMS8ktS1PiE8\\\",\\\"path_name\\\":\\\"\u70b9\u51fb\u7cfb\u7edf\u914d\u7f6e\\\",\\\"sleep_time\\\":\\\"1\\\",\\\"Positioning\\\":\\\"0\\\",\\\"title\\\":\\\"//span[text()=\\\\\\\"\u7cfb\u7edf\u914d\u7f6e\\\\\\\"]\\\",\\\"interest\\\":\\\"0\\\"},\\\"\u70b9\u51fb\u7cfb\u7edf\u6743\u9650\\\":{\\\"path_name\\\":\\\"\u70b9\u51fb\u7cfb\u7edf\u6743\u9650\\\",\\\"sleep_time\\\":\\\"1\\\",\\\"Positioning\\\":\\\"0\\\",\\\"title\\\":\\\"//div[text()=\\\\\\\" \u7fa4\u7ec4\u6743\u9650 \\\\\\\"]\\\",\\\"interest\\\":\\\"0\\\"},\\\"\u70b9\u51fb\u65b0\u589e\\\":{\\\"path_name\\\":\\\"\u70b9\u51fb\u65b0\u589e\\\",\\\"sleep_time\\\":\\\"1\\\",\\\"Positioning\\\":\\\"0\\\",\\\"title\\\":\\\"#app > div > main > div.container > div.main-view > div.container-list > div.feature-group > div > button.ivu-btn.ivu-btn-primary > span\\\",\\\"interest\\\":\\\"0\\\"},\\\"\u8f93\u5165\u6743\u9650\u540d\u79f0\\\":{\\\"path_name\\\":\\\"\u8f93\u5165\u6743\u9650\u540d\u79f0\\\",\\\"sleep_time\\\":\\\"1\\\",\\\"Positioning\\\":\\\"0\\\",\\\"title\\\":\\\"//span[text()=\\\\\\\"0/30\\\\\\\"]/../input\\\",\\\"interest\\\":\\\"2\\\",\\\"data\\\":\\\"\u81ea\u52a8\u5316\u6d4b\u8bd5\u6743\u9650\u7ec4\\\"},\\\"\u8f93\u5165\u6743\u9650\u7ec4\u540d\u79f0\\\":{\\\"path_name\\\":\\\"\u8f93\u5165\u6743\u9650\u7ec4\u540d\u79f0\\\",\\\"sleep_time\\\":\\\"1\\\",\\\"Positioning\\\":\\\"0\\\",\\\"title\\\":\\\"//span[text()=\\\\\\\"0/50\\\\\\\"]/../textarea\\\",\\\"interest\\\":\\\"2\\\",\\\"data\\\":\\\"\u81ea\u52a8\u5316\u6d4b\u8bd5\u6743\u9650\u7ec4\u63cf\u8ff0\\\"},\\\"\u70b9\u51fb\u4e0b\u4e00\u6b65\\\":{\\\"path_name\\\":\\\"\u70b9\u51fb\u4e0b\u4e00\u6b65\\\",\\\"sleep_time\\\":\\\"1\\\",\\\"Positioning\\\":\\\"0\\\",\\\"title\\\":\\\"//span[text()=\\\\\\\"\u4e0b\u4e00\u6b65\\\\\\\"]\\\",\\\"interest\\\":\\\"0\\\"},\\\"\u9009\u62e9\u6743\u9650\\\":{\\\"path_name\\\":\\\"\u9009\u62e9\u6743\u9650\\\",\\\"sleep_time\\\":\\\"1\\\",\\\"Positioning\\\":\\\"0\\\",\\\"title\\\":\\\"//label[text()=\\\\\\\" \u53ef\u8bfb\u5199\\\\\\\"]/span/input\\\",\\\"interest\\\":\\\"0\\\"},\\\"\u518d\u6b21\u70b9\u51fb\u4e0b\u4e00\u6b65\\\":{\\\"path_name\\\":\\\"\u518d\u6b21\u70b9\u51fb\u4e0b\u4e00\u6b65\\\",\\\"sleep_time\\\":\\\"1\\\",\\\"Positioning\\\":\\\"0\\\",\\\"title\\\":\\\"//span[text()=\\\\\\\"\u4e0b\u4e00\u6b65\\\\\\\"]\\\",\\\"interest\\\":\\\"0\\\"},\\\"\u70b9\u51fb\u5e94\u7528\\\":{\\\"path_name\\\":\\\"\u70b9\u51fb\u5e94\u7528\\\",\\\"sleep_time\\\":\\\"1\\\",\\\"Positioning\\\":\\\"0\\\",\\\"title\\\":\\\"//span[text()=\\\\\\\"\u5e94\u7528\\\\\\\"]\\\",\\\"interest\\\":\\\"0\\\"}},\\\"hc1k8x_Sort\\\":[\\\"\u70b9\u51fb\u7cfb\u7edf\u914d\u7f6e\\\",\\\"\u70b9\u51fb\u7cfb\u7edf\u6743\u9650\\\",\\\"\u70b9\u51fb\u65b0\u589e\\\",\\\"\u8f93\u5165\u6743\u9650\u540d\u79f0\\\",\\\"\u8f93\u5165\u6743\u9650\u7ec4\u540d\u79f0\\\",\\\"\u70b9\u51fb\u4e0b\u4e00\u6b65\\\",\\\"\u9009\u62e9\u6743\u9650\\\",\\\"\u518d\u6b21\u70b9\u51fb\u4e0b\u4e00\u6b65\\\",\\\"\u70b9\u51fb\u5e94\u7528\\\"],\\\"hc1k8x_Workflow_name\\\":\\\"\u65b0\u589e\u6743\u9650\\\",\\\"vewe64\\\":{\\\"\u70b9\u51fb\u7528\u6237\u7ba1\u7406\\\":{\\\"csrfmiddlewaretoken\\\":\\\"bk8WA8BAUNFR8BsE0SlXFnSI9vugN5mQ5drUTHGONFZ7GjFoufTsMGfoy3Pe8EDd\\\",\\\"path_name\\\":\\\"\u70b9\u51fb\u7528\u6237\u7ba1\u7406\\\",\\\"sleep_time\\\":\\\"1\\\",\\\"Positioning\\\":\\\"0\\\",\\\"title\\\":\\\"//div[text()=\\\\\\\" \u7528\u6237\u7ba1\u7406 \\\\\\\"]\\\",\\\"interest\\\":\\\"0\\\"},\\\"\u70b9\u51fb\u65b0\u589e\\\":{\\\"path_name\\\":\\\"\u70b9\u51fb\u65b0\u589e\\\",\\\"sleep_time\\\":\\\"1\\\",\\\"Positioning\\\":\\\"0\\\",\\\"title\\\":\\\"//span[text()=\\\\\\\"\u65b0\u589e\\\\\\\"]\\\",\\\"interest\\\":\\\"0\\\"},\\\"\u8f93\u5165\u540d\u79f0\\\":{\\\"path_name\\\":\\\"\u8f93\u5165\u540d\u79f0\\\",\\\"sleep_time\\\":\\\"1\\\",\\\"Positioning\\\":\\\"0\\\",\\\"title\\\":\\\"//span[text()=\\\\\\\"0/30\\\\\\\"]/../input\\\",\\\"interest\\\":\\\"2\\\",\\\"data\\\":\\\"\u81ea\u52a8\u5316\u6d4b\u8bd5_\u7528\u6237\\\"},\\\"\u8f93\u5165\u90ae\u7bb1\\\":{\\\"path_name\\\":\\\"\u8f93\u5165\u90ae\u7bb1\\\",\\\"sleep_time\\\":\\\"1\\\",\\\"Positioning\\\":\\\"0\\\",\\\"title\\\":\\\"//div[text()=\\\\\\\"\u7528\u6237\u8d26\u53f7\u4fe1\u606f\\\\\\\"]/../../div[2]/div/div/form/div[3]/div/div/input\\\",\\\"interest\\\":\\\"2\\\",\\\"data\\\":\\\"1104541868@qq.com\\\"},\\\"\u8f93\u5165\u5bc6\u7801\\\":{\\\"csrfmiddlewaretoken\\\":\\\"aCOsegyOMlYwbFvRivYLbYzc6BrqeyrcTmfUNUXGxMEeMxeodHCRFkidHKfQ3qn3\\\",\\\"path_name\\\":\\\"\u8f93\u5165\u5bc6\u7801\\\",\\\"sleep_time\\\":\\\"1\\\",\\\"Positioning\\\":\\\"0\\\",\\\"title\\\":\\\"//div[text()=\\\\\\\"\u7528\u6237\u8d26\u53f7\u4fe1\u606f\\\\\\\"]/../../div[2]/div/div/form/div[4]/div/div/input\\\",\\\"interest\\\":\\\"2\\\",\\\"data\\\":\\\"Ff!1234567890\\\"},\\\"\u786e\u8ba4\u5bc6\u7801\\\":{\\\"csrfmiddlewaretoken\\\":\\\"aCOsegyOMlYwbFvRivYLbYzc6BrqeyrcTmfUNUXGxMEeMxeodHCRFkidHKfQ3qn3\\\",\\\"path_name\\\":\\\"\u786e\u8ba4\u5bc6\u7801\\\",\\\"sleep_time\\\":\\\"1\\\",\\\"Positioning\\\":\\\"0\\\",\\\"title\\\":\\\"//div[text()=\\\\\\\"\u7528\u6237\u8d26\u53f7\u4fe1\u606f\\\\\\\"]/../../div[2]/div/div/form/div[5]/div/div/input\\\",\\\"interest\\\":\\\"2\\\",\\\"data\\\":\\\"Ff!1234567890\\\"},\\\"\u70b9\u51fb\u4e0b\u4e00\u6b65\\\":{\\\"path_name\\\":\\\"\u70b9\u51fb\u4e0b\u4e00\u6b65\\\",\\\"sleep_time\\\":\\\"1\\\",\\\"Positioning\\\":\\\"0\\\",\\\"title\\\":\\\"//span[text()=\\\\\\\"\u4e0b\u4e00\u6b65\\\\\\\"]\\\",\\\"interest\\\":\\\"0\\\"},\\\"\u9009\u62e9\u6743\u9650\\\":{\\\"path_name\\\":\\\"\u9009\u62e9\u6743\u9650\\\",\\\"sleep_time\\\":\\\"1\\\",\\\"Positioning\\\":\\\"0\\\",\\\"title\\\":\\\"//span[text()=\\\\\\\"\u81ea\u52a8\u5316\u6d4b\u8bd5\u6743\u9650\u7ec4\\\\\\\"]/../../following-sibling::td[2]/div/label/span\\\",\\\"interest\\\":\\\"0\\\"},\\\"\u518d\u6b21\u70b9\u51fb\u4e0b\u4e00\u6b65\\\":{\\\"path_name\\\":\\\"\u518d\u6b21\u70b9\u51fb\u4e0b\u4e00\u6b65\\\",\\\"sleep_time\\\":\\\"1\\\",\\\"Positioning\\\":\\\"0\\\",\\\"title\\\":\\\"//span[text()=\\\\\\\"\u4e0b\u4e00\u6b65\\\\\\\"]\\\",\\\"interest\\\":\\\"0\\\"},\\\"\u70b9\u51fb\u5e94\u7528\\\":{\\\"path_name\\\":\\\"\u70b9\u51fb\u5e94\u7528\\\",\\\"sleep_time\\\":\\\"1\\\",\\\"Positioning\\\":\\\"0\\\",\\\"title\\\":\\\"//span[text()=\\\\\\\"\u5e94\u7528\\\\\\\"]\\\",\\\"interest\\\":\\\"0\\\"}},\\\"vewe64_Sort\\\":[\\\"\u70b9\u51fb\u7528\u6237\u7ba1\u7406\\\",\\\"\u70b9\u51fb\u65b0\u589e\\\",\\\"\u8f93\u5165\u540d\u79f0\\\",\\\"\u8f93\u5165\u90ae\u7bb1\\\",\\\"\u8f93\u5165\u5bc6\u7801\\\",\\\"\u786e\u8ba4\u5bc6\u7801\\\",\\\"\u70b9\u51fb\u4e0b\u4e00\u6b65\\\",\\\"\u9009\u62e9\u6743\u9650\\\",\\\"\u518d\u6b21\u70b9\u51fb\u4e0b\u4e00\u6b65\\\",\\\"\u70b9\u51fb\u5e94\u7528\\\"],\\\"vewe64_Workflow_name\\\":\\\"\u65b0\u589e\u7528\u6237\\\",\\\"fx0vwp\\\":{\\\"\u70b9\u51fb\u7cfb\u7edf\u914d\u7f6e\\\":{\\\"csrfmiddlewaretoken\\\":\\\"IDOAAXOwqfXzCVbX2WYGnzwdsL4ZjSPjx1UE0ggJH1XZJAf5lxOUKsmxvPqGabIZ\\\",\\\"path_name\\\":\\\"\u70b9\u51fb\u7cfb\u7edf\u914d\u7f6e\\\",\\\"sleep_time\\\":\\\"1\\\",\\\"Positioning\\\":\\\"0\\\",\\\"title\\\":\\\"//span[text()=\\\\\\\"\u7cfb\u7edf\u914d\u7f6e\\\\\\\"]\\\",\\\"interest\\\":\\\"0\\\"},\\\"\u70b9\u51fb\u7528\u6237\u7ba1\u7406\\\":{\\\"csrfmiddlewaretoken\\\":\\\"IDOAAXOwqfXzCVbX2WYGnzwdsL4ZjSPjx1UE0ggJH1XZJAf5lxOUKsmxvPqGabIZ\\\",\\\"path_name\\\":\\\"\u70b9\u51fb\u7528\u6237\u7ba1\u7406\\\",\\\"sleep_time\\\":\\\"1\\\",\\\"Positioning\\\":\\\"0\\\",\\\"title\\\":\\\"//div[text()=\\\\\\\" \u7528\u6237\u7ba1\u7406 \\\\\\\"]\\\",\\\"interest\\\":\\\"0\\\"},\\\"\u70b9\u51fb\u7b5b\u9009\\\":{\\\"path_name\\\":\\\"\u70b9\u51fb\u7b5b\u9009\\\",\\\"sleep_time\\\":\\\"1\\\",\\\"Positioning\\\":\\\"0\\\",\\\"title\\\":\\\"//div/span[text()=\\\\\\\"\u7b5b\u9009\\\\\\\"]\\\",\\\"interest\\\":\\\"0\\\"},\\\"\u8f93\u5165\u7b5b\u9009\u6761\u4ef6\\\":{\\\"csrfmiddlewaretoken\\\":\\\"uDEVEIlM9SODtQCVkeTuSdvxFZ5DW8EGOQfM79T0D7rshoqm5lFBXRlx1uC0UgLY\\\",\\\"path_name\\\":\\\"\u8f93\u5165\u7b5b\u9009\u6761\u4ef6\\\",\\\"sleep_time\\\":\\\"1\\\",\\\"Positioning\\\":\\\"0\\\",\\\"title\\\":\\\"//span[text()=\\\\\\\"\u540d\u79f0:\\\\\\\"]/../div/div/input\\\",\\\"interest\\\":\\\"2\\\",\\\"data\\\":\\\"\u81ea\u52a8\u5316\u6d4b\u8bd5_\u7528\u6237\\\"},\\\"\u89e6\u53d1\u7b5b\u9009\\\":{\\\"path_name\\\":\\\"\u89e6\u53d1\u7b5b\u9009\\\",\\\"sleep_time\\\":\\\"1\\\",\\\"Positioning\\\":\\\"0\\\",\\\"title\\\":\\\"//button/span[text()=\\\\\\\"\u7b5b\u9009\\\\\\\"]\\\",\\\"interest\\\":\\\"0\\\"},\\\"\u70b9\u51fb\u52fe\u9009\\\":{\\\"csrfmiddlewaretoken\\\":\\\"91WZEMcpfZLygKFha4C32asaHQ3cnNcNNvTRQrmdRKxi3Icp5Z2U8KfqBWtGQqq9\\\",\\\"path_name\\\":\\\"\u70b9\u51fb\u52fe\u9009\\\",\\\"sleep_time\\\":\\\"1\\\",\\\"Positioning\\\":\\\"0\\\",\\\"title\\\":\\\"//span[text()=\\\\\\\"\u81ea\u52a8\u5316\u6d4b\u8bd5_\u7528\u6237\\\\\\\"]/../../../../td/div/label/span/input\\\",\\\"interest\\\":\\\"0\\\"},\\\"\u70b9\u51fb\u5220\u9664\\\":{\\\"path_name\\\":\\\"\u70b9\u51fb\u5220\u9664\\\",\\\"sleep_time\\\":\\\"1\\\",\\\"Positioning\\\":\\\"0\\\",\\\"title\\\":\\\"//span[text()='\u5220\u9664']\\\",\\\"interest\\\":\\\"0\\\"},\\\"\u786e\u5b9a\u5220\u9664\\\":{\\\"path_name\\\":\\\"\u786e\u5b9a\u5220\u9664\\\",\\\"sleep_time\\\":\\\"1\\\",\\\"Positioning\\\":\\\"0\\\",\\\"title\\\":\\\"//div[text()=\\\\\\\"\u786e\u8ba4\u5220\u9664\u6240\u9009\u9879\uff1f\\\\\\\"]/../../div/button[2]\\\",\\\"interest\\\":\\\"0\\\"},\\\"\u8f93\u5165\u7b5b\u9009\u5185\u5bb9\\\":{\\\"csrfmiddlewaretoken\\\":\\\"VZpM4i0tGxKJoQAPjBLQ3Zru0ldxEoUYcKBDrrvuQfRBXbu1qeiGhs9IsE0qaLgt\\\",\\\"path_name\\\":\\\"\u8f93\u5165\u7b5b\u9009\u5185\u5bb9\\\",\\\"sleep_time\\\":\\\"1\\\",\\\"Positioning\\\":\\\"0\\\",\\\"title\\\":\\\"[placeholder=\\\\\\\"\u8bf7\u8f93\u5165\\\\\\\"]\\\",\\\"interest\\\":\\\"2\\\",\\\"data\\\":\\\"\u81ea\u52a8\u5316\u6d4b\u8bd5_\u7528\u6237\\\"}},\\\"fx0vwp_Sort\\\":[\\\"\u70b9\u51fb\u7cfb\u7edf\u914d\u7f6e\\\",\\\"\u70b9\u51fb\u7528\u6237\u7ba1\u7406\\\",\\\"\u70b9\u51fb\u52fe\u9009\\\",\\\"\u70b9\u51fb\u5220\u9664\\\",\\\"\u786e\u5b9a\u5220\u9664\\\"],\\\"fx0vwp_Workflow_name\\\":\\\"\u5220\u9664\u7528\u6237\\\",\\\"t8g3wl\\\":{\\\"\u70b9\u51fb\u6743\u9650\u7ec4\\\":{\\\"csrfmiddlewaretoken\\\":\\\"pSSD3vgzA9ot4XiJb05HXGqVHPrIKiYAeSDLWE3EHJzc0FPq9XJsyFV9CoHnHrIK\\\",\\\"path_name\\\":\\\"\u70b9\u51fb\u6743\u9650\u7ec4\\\",\\\"sleep_time\\\":\\\"1\\\",\\\"Positioning\\\":\\\"0\\\",\\\"title\\\":\\\"//div[text()=\\\\\\\" \u7fa4\u7ec4\u6743\u9650 \\\\\\\"]\\\",\\\"interest\\\":\\\"0\\\"},\\\"\u70b9\u51fb\u52fe\u9009\\\":{\\\"csrfmiddlewaretoken\\\":\\\"6FNe43VjG07ggncMD7kcd6mY2okkyakVCrf0RPzRoYn0AFICgOARk6gm8TTYJ0u7\\\",\\\"path_name\\\":\\\"\u70b9\u51fb\u52fe\u9009\\\",\\\"sleep_time\\\":\\\"1\\\",\\\"Positioning\\\":\\\"0\\\",\\\"title\\\":\\\"//span[text()=\\\\\\\"\u81ea\u52a8\u5316\u6d4b\u8bd5\u6743\u9650\u7ec4\\\\\\\"]/../../../../td/div/label/span/input\\\",\\\"interest\\\":\\\"0\\\"},\\\"\u70b9\u51fb\u5220\u9664\\\":{\\\"path_name\\\":\\\"\u70b9\u51fb\u5220\u9664\\\",\\\"sleep_time\\\":\\\"1\\\",\\\"Positioning\\\":\\\"0\\\",\\\"title\\\":\\\"//span[text()='\u5220\u9664']\\\",\\\"interest\\\":\\\"0\\\"},\\\"\u786e\u5b9a\u5220\u9664\\\":{\\\"path_name\\\":\\\"\u786e\u5b9a\u5220\u9664\\\",\\\"sleep_time\\\":\\\"1\\\",\\\"Positioning\\\":\\\"0\\\",\\\"title\\\":\\\"//div[text()=\\\\\\\"\u786e\u8ba4\u5220\u9664\u6240\u9009\u9879\uff1f\\\\\\\"]/../../div/button[2]\\\",\\\"interest\\\":\\\"0\\\"}},\\\"t8g3wl_Sort\\\":[\\\"\u70b9\u51fb\u6743\u9650\u7ec4\\\",\\\"\u70b9\u51fb\u52fe\u9009\\\",\\\"\u70b9\u51fb\u5220\u9664\\\",\\\"\u786e\u5b9a\u5220\u9664\\\"],\\\"t8g3wl_Workflow_name\\\":\\\"\u5220\u9664\u6743\u9650\\\",\\\"pp3ym9\\\":{\\\"\u70b9\u51fb\u5173\u95ed\\\":{\\\"csrfmiddlewaretoken\\\":\\\"g5sD2Hn3olASWm6GYHMmbza8wbwkfnwfaWkQl3BKuinZJz6uEqZKByDBNgydp4Df\\\",\\\"path_name\\\":\\\"\u70b9\u51fb\u5173\u95ed\\\",\\\"sleep_time\\\":\\\"1\\\",\\\"Positioning\\\":\\\"13\\\"}},\\\"pp3ym9_Sort\\\":[\\\"\u70b9\u51fb\u5173\u95ed\\\"],\\\"pp3ym9_Workflow_name\\\":\\\"\u5173\u95ed\\\"}\",\"sql_node\":\"None\",\"merge_node\":\"None\",\"condition\":\"None\",\"Ginseng\":\"{\\\"w4s6qn\\\":[],\\\"hc1k8x\\\":[],\\\"vewe64\\\":[],\\\"fx0vwp\\\":[],\\\"t8g3wl\\\":[],\\\"pp3ym9\\\":[]}\",\"connections\":\"{\\\"0\\\":{\\\"current\\\":\\\"w4s6qn\\\",\\\"Rear\\\":\\\"hc1k8x\\\",\\\"current_uuid\\\":\\\"w4s6qn_current\\\",\\\"Rear_uuid\\\":\\\"hc1k8x_Rear\\\",\\\"current_width\\\":\\\"50471px\\\",\\\"current_height\\\":\\\"25065px\\\",\\\"Rear_width\\\":\\\"50473px\\\",\\\"Rear_height\\\":\\\"25160px\\\"},\\\"1\\\":{\\\"current\\\":\\\"hc1k8x\\\",\\\"Rear\\\":\\\"vewe64\\\",\\\"current_uuid\\\":\\\"hc1k8x_current\\\",\\\"Rear_uuid\\\":\\\"vewe64_Rear\\\",\\\"current_width\\\":\\\"50473px\\\",\\\"current_height\\\":\\\"25160px\\\",\\\"Rear_width\\\":\\\"50472px\\\",\\\"Rear_height\\\":\\\"25256px\\\"},\\\"2\\\":{\\\"current\\\":\\\"vewe64\\\",\\\"Rear\\\":\\\"fx0vwp\\\",\\\"current_uuid\\\":\\\"vewe64_current\\\",\\\"Rear_uuid\\\":\\\"fx0vwp_Rear\\\",\\\"current_width\\\":\\\"50472px\\\",\\\"current_height\\\":\\\"25256px\\\",\\\"Rear_width\\\":\\\"50471px\\\",\\\"Rear_height\\\":\\\"25351px\\\"},\\\"3\\\":{\\\"current\\\":\\\"fx0vwp\\\",\\\"Rear\\\":\\\"t8g3wl\\\",\\\"current_uuid\\\":\\\"fx0vwp_current\\\",\\\"Rear_uuid\\\":\\\"t8g3wl_Rear\\\",\\\"current_width\\\":\\\"50471px\\\",\\\"current_height\\\":\\\"25351px\\\",\\\"Rear_width\\\":\\\"50471px\\\",\\\"Rear_height\\\":\\\"25440px\\\"},\\\"4\\\":{\\\"current\\\":\\\"t8g3wl\\\",\\\"Rear\\\":\\\"pp3ym9\\\",\\\"current_uuid\\\":\\\"t8g3wl_current\\\",\\\"Rear_uuid\\\":\\\"pp3ym9_Rear\\\",\\\"current_width\\\":\\\"50471px\\\",\\\"current_height\\\":\\\"25440px\\\",\\\"Rear_width\\\":\\\"50471px\\\",\\\"Rear_height\\\":\\\"25529px\\\"}}\",\"echo_html\":[{\"img_status\":\"Below_drawer_d1\",\"data\":\"http://127.0.0.1:8000/static/img_server/%E5%85%83%E7%B4%A0%E5%AE%9A%E4%BD%8D.png\",\"img_name\":\"position\",\"x\":\"50471px\",\"y\":\"25065px\",\"node_id\":\"w4s6qn\"},{\"img_status\":\"Below_drawer_d1\",\"data\":\"http://127.0.0.1:8000/static/img_server/%E5%85%83%E7%B4%A0%E5%AE%9A%E4%BD%8D.png\",\"img_name\":\"position\",\"x\":\"50473px\",\"y\":\"25160px\",\"node_id\":\"hc1k8x\"},{\"img_status\":\"Below_drawer_d1\",\"data\":\"http://127.0.0.1:8000/static/img_server/%E5%85%83%E7%B4%A0%E5%AE%9A%E4%BD%8D.png\",\"img_name\":\"position\",\"x\":\"50472px\",\"y\":\"25256px\",\"node_id\":\"vewe64\"},{\"img_status\":\"Below_drawer_d1\",\"data\":\"http://127.0.0.1:8000/static/img_server/%E5%85%83%E7%B4%A0%E5%AE%9A%E4%BD%8D.png\",\"img_name\":\"position\",\"x\":\"50471px\",\"y\":\"25351px\",\"node_id\":\"fx0vwp\"},{\"img_status\":\"Below_drawer_d1\",\"data\":\"http://127.0.0.1:8000/static/img_server/%E5%85%83%E7%B4%A0%E5%AE%9A%E4%BD%8D.png\",\"img_name\":\"position\",\"x\":\"50471px\",\"y\":\"25440px\",\"node_id\":\"t8g3wl\"},{\"img_status\":\"Below_drawer_d1\",\"data\":\"http://127.0.0.1:8000/static/img_server/%E5%85%83%E7%B4%A0%E5%AE%9A%E4%BD%8D.png\",\"img_name\":\"position\",\"x\":\"50471px\",\"y\":\"25529px\",\"node_id\":\"pp3ym9\"}],\"list_data\":\"{}\",\"Workflow_parameter\":\"None\"}}", "Date": "2021-12-10\u4e0a\u534811:21:00"}}, "log": {"t6pugk": {"w4s6qn": {"node_id": "w4s6qn", "Return_parameter": "{}", "status": "Success", "Workflow_name": "\u767b\u5f55\u5230dpa"}, "hc1k8x": {"node_id": "hc1k8x", "Return_parameter": "{}", "status": "Success", "Workflow_name": "\u65b0\u589e\u6743\u9650"}, "vewe64": {"node_id": "vewe64", "Return_parameter": "{}", "status": "Success", "Workflow_name": "\u65b0\u589e\u7528\u6237"}, "fx0vwp": {"node_id": "fx0vwp", "Return_parameter": "{}", "status": "Success", "Workflow_name": "\u5220\u9664\u7528\u6237"}, "t8g3wl": {"node_id": "t8g3wl", "Return_parameter": "{}", "status": "Success", "Workflow_name": "\u5220\u9664\u6743\u9650"}, "pp3ym9": {"node_id": "pp3ym9", "Return_parameter": "{}", "status": "Success", "Workflow_name": "\u5173\u95ed"}}}, "jenkins": "{}", "json_file_url": "./json_data/json_file/\u65b0\u589e\u7528\u6237.json"}